,negative_sum,positive_sum,total_sum,sentiment_score,average_score,lda_0,lda_1,lda_2,lda_3,lda_4,lda_5,lda_6,follow>10k,male,in_area,registration<2015,time_interval
2020-02-01,0,0,0,0.0,0.5,0.0,0.0,0.0,0.0,0.0,0.0,0.0,0.0,0.0,0.0,0.0,1
2020-02-02,0,0,0,0.0,0.5,0.0,0.0,0.0,0.0,0.0,0.0,0.0,0.0,0.0,0.0,0.0,1
2020-02-03,0,0,0,0.0,0.5,0.0,0.0,0.0,0.0,0.0,0.0,0.0,0.0,0.0,0.0,0.0,1
2020-02-04,0,0,0,0.0,0.5,0.0,0.0,0.0,0.0,0.0,0.0,0.0,0.0,0.0,0.0,0.0,1
2020-02-05,0,0,0,0.0,0.5,0.0,0.0,0.0,0.0,0.0,0.0,0.0,0.0,0.0,0.0,0.0,1
2020-02-06,0,0,0,0.0,0.5,0.0,0.0,0.0,0.0,0.0,0.0,0.0,0.0,0.0,0.0,0.0,1
2020-02-07,0,0,0,0.0,0.5,0.0,0.0,0.0,0.0,0.0,0.0,0.0,0.0,0.0,0.0,0.0,1
2020-02-08,0,0,0,0.0,0.5,0.0,0.0,0.0,0.0,0.0,0.0,0.0,0.0,0.0,0.0,0.0,1
2020-02-09,0,0,0,0.0,0.5,0.0,0.0,0.0,0.0,0.0,0.0,0.0,0.0,0.0,0.0,0.0,1
2020-02-10,0,0,0,0.0,0.5,0.0,0.0,0.0,0.0,0.0,0.0,0.0,0.0,0.0,0.0,0.0,1
2020-02-11,0,0,0,0.0,0.5,0.0,0.0,0.0,0.0,0.0,0.0,0.0,0.0,0.0,0.0,0.0,1
2020-02-12,0,0,0,0.0,0.5,0.0,0.0,0.0,0.0,0.0,0.0,0.0,0.0,0.0,0.0,0.0,1
2020-02-13,0,0,0,0.0,0.5,0.0,0.0,0.0,0.0,0.0,0.0,0.0,0.0,0.0,0.0,0.0,1
2020-02-14,0,0,0,0.0,0.5,0.0,0.0,0.0,0.0,0.0,0.0,0.0,0.0,0.0,0.0,0.0,1
2020-02-15,0,0,0,0.0,0.5,0.0,0.0,0.0,0.0,0.0,0.0,0.0,0.0,0.0,0.0,0.0,1
2020-02-16,0,0,0,0.0,0.5,0.0,0.0,0.0,0.0,0.0,0.0,0.0,0.0,0.0,0.0,0.0,1
2020-02-17,0,0,0,0.0,0.5,0.0,0.0,0.0,0.0,0.0,0.0,0.0,0.0,0.0,0.0,0.0,1
2020-02-18,0,7,7,5.537746787071228,0.7911066838673183,0.0,0.0,0.42857142857142855,0.0,0.5714285714285714,0.0,0.0,0.2857142857142857,0.14285714285714285,0.5714285714285714,0.8571428571428571,1
2020-02-19,2,19,21,14.875440791249275,0.7083543233928227,0.0,0.0,0.5238095238095238,0.0,0.47619047619047616,0.0,0.0,0.6190476190476191,0.19047619047619047,0.7619047619047619,0.7142857142857143,1
2020-02-20,2,9,11,7.5651072561740875,0.6877370232885535,0.0,0.0,0.2727272727272727,0.0,0.6363636363636364,0.09090909090909091,0.0,0.45454545454545453,0.6363636363636364,0.9090909090909091,0.6363636363636364,1
2020-02-21,3,11,14,10.102494925260544,0.7216067803757531,0.0,0.0,0.21428571428571427,0.14285714285714285,0.5714285714285714,0.0,0.0,0.7142857142857143,0.5,0.5714285714285714,0.5,1
2020-02-22,33,9,42,22.12326619029045,0.5267444331021536,0.023809523809523808,0.0,0.8333333333333334,0.11904761904761904,0.023809523809523808,0.0,0.0,0.16666666666666666,0.30952380952380953,0.7142857142857143,0.6666666666666666,1
2020-02-23,3,2,5,2.900389812886715,0.580077962577343,0.0,0.0,0.8,0.0,0.2,0.0,0.0,0.4,0.8,1.0,0.8,1
2020-02-24,3,4,7,4.813579171895981,0.6876541674137115,0.0,0.0,0.42857142857142855,0.2857142857142857,0.14285714285714285,0.14285714285714285,0.0,0.0,0.0,0.7142857142857143,0.7142857142857143,2
2020-02-25,40,47,87,39.44183092750609,0.4533543784770815,0.011494252873563218,0.011494252873563218,0.47126436781609193,0.022988505747126436,0.28735632183908044,0.11494252873563218,0.0,0.41379310344827586,0.42528735632183906,0.7241379310344828,0.7011494252873564,1
2020-02-26,30,52,82,46.003118528053164,0.5610136405860142,0.024390243902439025,0.024390243902439025,0.2926829268292683,0.036585365853658534,0.4634146341463415,0.07317073170731707,0.012195121951219513,0.3780487804878049,0.4146341463414634,0.6341463414634146,0.5609756097560976,1
2020-02-27,24,64,88,53.969802792184055,0.6132932135475461,0.011363636363636364,0.022727272727272728,0.3522727272727273,0.25,0.25,0.06818181818181818,0.011363636363636364,0.6363636363636364,0.38636363636363635,0.7613636363636364,0.625,1
2020-02-28,24,30,54,27.249874842818826,0.5046273119040523,0.037037037037037035,0.09259259259259259,0.24074074074074073,0.24074074074074073,0.2222222222222222,0.1111111111111111,0.0,0.25925925925925924,0.3888888888888889,0.7037037037037037,0.6666666666666666,1
2020-02-29,22,25,47,23.665997658390552,0.5035318650721394,0.02127659574468085,0.0851063829787234,0.1702127659574468,0.19148936170212766,0.425531914893617,0.0851063829787234,0.0,0.3617021276595745,0.3617021276595745,0.6595744680851063,0.6808510638297872,1
2020-03-01,41,61,102,52.47834346280433,0.5144935633608267,0.28431372549019607,0.09803921568627451,0.20588235294117646,0.029411764705882353,0.22549019607843138,0.0784313725490196,0.029411764705882353,0.4411764705882353,0.45098039215686275,0.7254901960784313,0.6666666666666666,1
2020-03-02,49,121,170,91.74596792040393,0.5396821642376701,0.4470588235294118,0.047058823529411764,0.11176470588235295,0.06470588235294118,0.21176470588235294,0.052941176470588235,0.041176470588235294,0.35294117647058826,0.4823529411764706,0.7058823529411765,0.6294117647058823,1
2020-03-03,40,86,126,74.10414137132466,0.5881281061216243,0.14285714285714285,0.03968253968253968,0.19047619047619047,0.05555555555555555,0.5317460317460317,0.03968253968253968,0.0,0.42857142857142855,0.5158730158730159,0.6666666666666666,0.6111111111111112,1
2020-03-04,64,45,109,40.0859143557027,0.3677606821624101,0.11926605504587157,0.08256880733944955,0.3486238532110092,0.045871559633027525,0.28440366972477066,0.11009174311926606,0.0,0.21100917431192662,0.5871559633027523,0.7798165137614679,0.6513761467889908,1
2020-03-05,60,29,89,29.63461338588968,0.33297318411112,0.10112359550561797,0.056179775280898875,0.449438202247191,0.07865168539325842,0.16853932584269662,0.10112359550561797,0.0,0.2247191011235955,0.5730337078651685,0.7191011235955056,0.7191011235955056,1
2020-03-06,69,25,94,27.01457464066334,0.28738909192195045,0.05319148936170213,0.07446808510638298,0.5531914893617021,0.0851063829787234,0.0851063829787234,0.05319148936170213,0.010638297872340425,0.1595744680851064,0.5957446808510638,0.7127659574468085,0.6702127659574468,1
2020-03-07,107,21,128,25.705419068224728,0.2008235864705057,0.1640625,0.0234375,0.5,0.0546875,0.0390625,0.0546875,0.0078125,0.2109375,0.5546875,0.6953125,0.6328125,1
2020-03-08,34,28,62,25.345765871927142,0.4088026753536636,0.12903225806451613,0.08064516129032258,0.20967741935483872,0.04838709677419355,0.08064516129032258,0.2903225806451613,0.06451612903225806,0.3225806451612903,0.532258064516129,0.5806451612903226,0.46774193548387094,1
2020-03-09,40,27,67,26.97074396861717,0.40254841744204733,0.029850746268656716,0.11940298507462686,0.29850746268656714,0.08955223880597014,0.14925373134328357,0.1791044776119403,0.014925373134328358,0.2537313432835821,0.5074626865671642,0.6268656716417911,0.6567164179104478,1
2020-03-10,30,13,43,13.056377626024187,0.30363668897730667,0.023255813953488372,0.13953488372093023,0.4418604651162791,0.11627906976744186,0.18604651162790697,0.06976744186046512,0.0,0.13953488372093023,0.6511627906976745,0.6511627906976745,0.627906976744186,1
2020-03-11,52,18,70,18.773574134334922,0.2681939162047846,0.05714285714285714,0.22857142857142856,0.3142857142857143,0.07142857142857142,0.07142857142857142,0.11428571428571428,0.02857142857142857,0.1,0.4857142857142857,0.5285714285714286,0.5428571428571428,1
2020-03-12,50,21,71,20.59331051283516,0.29004662694134026,0.08450704225352113,0.056338028169014086,0.5070422535211268,0.014084507042253521,0.15492957746478872,0.028169014084507043,0.028169014084507043,0.22535211267605634,0.6901408450704225,0.5633802816901409,0.6619718309859155,1
2020-03-13,47,40,87,35.91493664262816,0.4128153637083697,0.05747126436781609,0.10344827586206896,0.2413793103448276,0.367816091954023,0.08045977011494253,0.04597701149425287,0.011494252873563218,0.3563218390804598,0.4942528735632184,0.6551724137931034,0.5977011494252874,1
2020-03-14,65,27,92,28.289050285238773,0.3074896770134649,0.09782608695652174,0.13043478260869565,0.3804347826086957,0.05434782608695652,0.15217391304347827,0.09782608695652174,0.021739130434782608,0.15217391304347827,0.44565217391304346,0.6086956521739131,0.6630434782608695,1
2020-03-15,49,22,71,22.232362283859402,0.31313186315294933,0.04225352112676056,0.09859154929577464,0.49295774647887325,0.1267605633802817,0.07042253521126761,0.056338028169014086,0.014084507042253521,0.2112676056338028,0.6197183098591549,0.5070422535211268,0.5774647887323944,1
2020-03-16,43,19,62,18.135007807053626,0.2925001259202198,0.08064516129032258,0.08064516129032258,0.45161290322580644,0.0967741935483871,0.11290322580645161,0.04838709677419355,0.03225806451612903,0.16129032258064516,0.5483870967741935,0.5645161290322581,0.6774193548387096,1
2020-03-17,63,19,82,18.89302142430097,0.23040270029635326,0.10975609756097561,0.12195121951219512,0.3902439024390244,0.036585365853658534,0.18292682926829268,0.06097560975609756,0.012195121951219513,0.08536585365853659,0.5609756097560976,0.5609756097560976,0.6707317073170732,1
2020-03-18,85,28,113,30.081410160288215,0.2662071695600727,0.09734513274336283,0.11504424778761062,0.4424778761061947,0.07079646017699115,0.02654867256637168,0.07964601769911504,0.02654867256637168,0.1415929203539823,0.584070796460177,0.49557522123893805,0.6548672566371682,1
2020-03-19,35,18,53,16.847728613764048,0.3178816719578122,0.07547169811320754,0.11320754716981132,0.2641509433962264,0.11320754716981132,0.1320754716981132,0.16981132075471697,0.0,0.1509433962264151,0.5094339622641509,0.37735849056603776,0.7735849056603774,1
2020-03-20,49,21,70,19.662064601667225,0.28088663716667467,0.1,0.11428571428571428,0.34285714285714286,0.02857142857142857,0.15714285714285714,0.11428571428571428,0.0,0.12857142857142856,0.7,0.4714285714285714,0.5571428571428572,1
2020-03-21,49,14,63,15.409268822986633,0.24459156861883544,0.06349206349206349,0.20634920634920634,0.4126984126984127,0.047619047619047616,0.06349206349206349,0.09523809523809523,0.031746031746031744,0.06349206349206349,0.5555555555555556,0.5873015873015873,0.6031746031746031,1
2020-03-22,43,22,65,25.545381978619844,0.3930058765941514,0.12307692307692308,0.16923076923076924,0.26153846153846155,0.046153846153846156,0.06153846153846154,0.09230769230769231,0.0,0.1076923076923077,0.6153846153846154,0.47692307692307695,0.6,1
2020-03-23,10,15,25,12.96974660642445,0.518789864256978,0.04,0.04,0.28,0.28,0.04,0.08,0.12,0.32,0.68,0.72,0.68,1
2020-03-24,21,15,36,14.267974501475692,0.3963326250409914,0.1111111111111111,0.08333333333333333,0.3055555555555556,0.1111111111111111,0.1388888888888889,0.1388888888888889,0.0,0.1111111111111111,0.5555555555555556,0.4444444444444444,0.7222222222222222,1
2020-03-25,11,29,40,25.8265990014188,0.6456649750354699,0.15,0.0,0.25,0.2,0.275,0.05,0.025,0.45,0.35,0.8,0.725,1
2020-03-26,2,34,36,26.96903091808781,0.7491397477246614,0.1388888888888889,0.0,0.2777777777777778,0.05555555555555555,0.4722222222222222,0.027777777777777776,0.027777777777777776,0.4722222222222222,0.4722222222222222,0.4444444444444444,0.5,1
2020-03-27,6,7,13,6.423686467111111,0.4941297282393162,0.3076923076923077,0.0,0.15384615384615385,0.46153846153846156,0.0,0.0,0.0,0.3076923076923077,0.5384615384615384,0.7692307692307693,0.5384615384615384,1
2020-03-28,9,4,13,4.915185732766986,0.3780912102128451,0.0,0.15384615384615385,0.38461538461538464,0.0,0.38461538461538464,0.0,0.0,0.3076923076923077,0.6153846153846154,0.5384615384615384,0.6153846153846154,1
2020-03-29,3,5,8,4.69394788891077,0.5867434861138463,0.125,0.125,0.125,0.125,0.25,0.0,0.0,0.375,0.375,0.875,0.75,1
2020-03-30,4,5,9,4.688975431025028,0.5209972701138921,0.1111111111111111,0.0,0.3333333333333333,0.2222222222222222,0.2222222222222222,0.1111111111111111,0.0,0.2222222222222222,0.6666666666666666,0.6666666666666666,0.3333333333333333,1
2020-03-31,7,8,15,7.2707611452788115,0.4847174096852541,0.0,0.0,0.13333333333333333,0.6,0.0,0.13333333333333333,0.06666666666666667,0.4666666666666667,0.6,0.6,0.4666666666666667,1
2020-04-01,2,15,17,12.597444484941661,0.7410261461730389,0.058823529411764705,0.0,0.058823529411764705,0.6470588235294118,0.0,0.17647058823529413,0.0,0.5882352941176471,0.5294117647058824,0.7058823529411765,0.5882352941176471,1
2020-04-02,3,9,12,7.972643695771694,0.6643869746476412,0.0,0.0,0.16666666666666666,0.6666666666666666,0.08333333333333333,0.0,0.0,0.6666666666666666,0.3333333333333333,0.5833333333333334,0.25,1
2020-04-03,10,3,13,4.454526014626026,0.34265584727892506,0.07692307692307693,0.07692307692307693,0.23076923076923078,0.15384615384615385,0.07692307692307693,0.3076923076923077,0.0,0.15384615384615385,0.7692307692307693,0.38461538461538464,0.7692307692307693,1
2020-04-04,5,2,7,2.337297733873129,0.3338996762675898,0.0,0.14285714285714285,0.2857142857142857,0.14285714285714285,0.14285714285714285,0.2857142857142857,0.0,0.0,0.8571428571428571,0.42857142857142855,0.42857142857142855,1
2020-04-05,1,5,6,4.748399794101715,0.7913999656836191,0.0,0.0,0.0,0.6666666666666666,0.0,0.3333333333333333,0.0,0.3333333333333333,0.3333333333333333,0.3333333333333333,0.8333333333333334,1
2020-04-06,2,3,5,2.3624871484935284,0.4724974296987057,0.0,0.2,0.0,0.2,0.4,0.2,0.0,0.2,0.4,0.6,0.4,1
2020-04-07,9,3,12,2.661609508097172,0.221800792341431,0.4166666666666667,0.0,0.3333333333333333,0.08333333333333333,0.0,0.0,0.0,0.08333333333333333,0.5833333333333334,0.5833333333333334,0.9166666666666666,2
2020-04-08,10,2,12,2.628290745895356,0.219024228824613,0.16666666666666666,0.0,0.16666666666666666,0.0,0.0,0.6666666666666666,0.0,0.08333333333333333,0.75,0.4166666666666667,0.3333333333333333,1
2020-04-09,3,7,10,6.237234458327293,0.6237234458327293,0.0,0.0,0.3,0.1,0.4,0.0,0.0,0.4,0.7,0.7,0.7,1
2020-04-10,4,2,6,1.8797637782990932,0.31329396304984886,0.16666666666666666,0.0,0.3333333333333333,0.0,0.3333333333333333,0.16666666666666666,0.0,0.3333333333333333,0.5,0.5,0.6666666666666666,1
2020-04-11,5,16,21,12.54444888792932,0.5973547089490152,0.047619047619047616,0.047619047619047616,0.09523809523809523,0.047619047619047616,0.6190476190476191,0.14285714285714285,0.0,0.14285714285714285,0.2857142857142857,0.7142857142857143,0.7142857142857143,1
2020-04-12,3,29,32,22.187697120010853,0.6933655350003392,0.0,0.0,0.0625,0.0,0.90625,0.03125,0.0,0.0625,0.25,0.6875,0.6875,1
2020-04-13,0,6,6,4.706106662750244,0.784351110458374,0.16666666666666666,0.16666666666666666,0.0,0.0,0.5,0.16666666666666666,0.0,0.3333333333333333,0.16666666666666666,0.8333333333333334,0.5,1
2020-04-14,4,2,6,2.188186085317284,0.36469768088621396,0.16666666666666666,0.0,0.3333333333333333,0.3333333333333333,0.0,0.16666666666666666,0.0,0.0,0.5,0.5,0.8333333333333334,1
2020-04-15,5,1,6,1.843893276527524,0.30731554608792067,0.3333333333333333,0.16666666666666666,0.3333333333333333,0.0,0.16666666666666666,0.0,0.0,0.0,1.0,0.3333333333333333,0.5,1
2020-04-16,3,5,8,4.194880328141153,0.5243600410176441,0.125,0.125,0.5,0.125,0.0,0.125,0.0,0.25,0.375,0.75,0.375,1
2020-04-17,2,3,5,2.72574741858989,0.545149483717978,0.0,0.0,0.2,0.4,0.2,0.2,0.0,0.2,0.6,1.0,0.8,1
2020-04-18,5,2,7,1.8463967605493963,0.2637709657927709,0.0,0.0,0.42857142857142855,0.0,0.42857142857142855,0.14285714285714285,0.0,0.0,0.42857142857142855,0.2857142857142857,0.8571428571428571,2
2020-04-19,9,3,12,3.193829394876957,0.26615244957307976,0.16666666666666666,0.0,0.5833333333333334,0.08333333333333333,0.0,0.08333333333333333,0.0,0.16666666666666666,0.16666666666666666,0.5833333333333334,0.5,1
2020-04-20,2,3,5,2.5370496378745884,0.5074099275749177,0.2,0.0,0.0,0.2,0.4,0.2,0.0,0.0,0.6,0.4,0.6,1
2020-04-21,3,0,3,0.5432055070996284,0.18106850236654282,0.0,0.0,0.6666666666666666,0.0,0.3333333333333333,0.0,0.0,0.3333333333333333,0.6666666666666666,0.6666666666666666,1.0,2
2020-04-22,6,4,10,4.593273155391216,0.45932731553912165,0.2,0.0,0.1,0.1,0.4,0.1,0.1,0.2,0.6,0.5,0.8,3
2020-04-23,3,3,6,2.813196048140526,0.468866008023421,0.16666666666666666,0.0,0.0,0.16666666666666666,0.5,0.0,0.16666666666666666,0.5,0.5,0.3333333333333333,0.8333333333333334,1
2020-04-24,1,1,2,0.5611040182411671,0.28055200912058353,0.0,0.0,0.5,0.0,0.0,0.0,0.0,0.5,0.0,0.5,1.0,1
2020-04-25,2,3,5,2.734003484249115,0.546800696849823,0.0,0.0,0.6,0.0,0.2,0.2,0.0,0.2,0.8,0.4,0.6,2
2020-04-26,1,1,2,0.8940566666424274,0.4470283333212137,0.5,0.0,0.5,0.0,0.0,0.0,0.0,0.5,0.0,0.5,0.5,3
2020-04-27,4,3,7,2.998737722635269,0.4283911032336099,0.14285714285714285,0.14285714285714285,0.2857142857142857,0.0,0.14285714285714285,0.2857142857142857,0.0,0.2857142857142857,0.7142857142857143,0.2857142857142857,0.5714285714285714,4
2020-04-28,6,1,7,1.6589454989880323,0.2369922141411475,0.2857142857142857,0.0,0.2857142857142857,0.0,0.42857142857142855,0.0,0.0,0.14285714285714285,0.42857142857142855,0.5714285714285714,0.5714285714285714,1
2020-04-29,5,14,19,12.573452398180962,0.66176065253584,0.10526315789473684,0.0,0.05263157894736842,0.15789473684210525,0.05263157894736842,0.5263157894736842,0.05263157894736842,0.7894736842105263,0.42105263157894735,0.6842105263157895,0.631578947368421,1
2020-04-30,3,17,20,14.43526104092598,0.721763052046299,0.55,0.0,0.05,0.4,0.0,0.0,0.0,0.75,0.45,0.75,0.5,1
2020-05-01,2,13,15,10.388766489923,0.6925844326615334,0.7333333333333333,0.13333333333333333,0.0,0.06666666666666667,0.0,0.06666666666666667,0.0,0.6666666666666666,0.26666666666666666,0.8666666666666667,0.5333333333333333,1
2020-05-02,4,3,7,3.0733287488110363,0.43904696411586236,0.42857142857142855,0.14285714285714285,0.14285714285714285,0.14285714285714285,0.14285714285714285,0.0,0.0,0.14285714285714285,0.5714285714285714,0.7142857142857143,0.5714285714285714,1
2020-05-03,21,0,21,1.3129860232584178,0.06252314396468657,0.047619047619047616,0.047619047619047616,0.19047619047619047,0.47619047619047616,0.0,0.09523809523809523,0.0,0.47619047619047616,0.42857142857142855,0.7619047619047619,0.5238095238095238,1
2020-05-04,1,4,5,4.20949512720108,0.8418990254402161,0.8,0.0,0.0,0.2,0.0,0.0,0.0,0.0,0.6,0.2,0.2,1
2020-05-05,1,0,1,0.17934374511241913,0.17934374511241913,0.0,0.0,1.0,0.0,0.0,0.0,0.0,0.0,1.0,0.0,0.0,2
2020-05-06,0,1,1,0.9528170228004456,0.9528170228004456,1.0,0.0,0.0,0.0,0.0,0.0,0.0,0.0,0.0,1.0,0.0,3
2020-05-07,0,0,0,0.0,0.5,0.0,0.0,0.0,0.0,0.0,0.0,0.0,0.0,0.0,0.0,0.0,4
2020-05-08,1,1,2,0.6949854493141174,0.3474927246570587,0.0,0.5,0.0,0.0,0.0,0.0,0.5,0.0,0.5,1.0,0.5,1
2020-05-09,0,3,3,2.5874743461608887,0.8624914487202963,0.0,0.0,0.0,0.6666666666666666,0.0,0.3333333333333333,0.0,0.0,0.3333333333333333,0.6666666666666666,0.6666666666666666,2
2020-05-10,2,0,2,0.288288040086627,0.1441440200433135,0.0,0.5,0.5,0.0,0.0,0.0,0.0,0.5,0.5,0.5,0.5,3
2020-05-11,1,2,3,1.8892165953293443,0.6297388651097814,0.0,0.0,0.6666666666666666,0.3333333333333333,0.0,0.0,0.0,1.0,0.6666666666666666,0.6666666666666666,0.6666666666666666,4
2020-05-12,1,0,1,0.060147661715745926,0.060147661715745926,0.0,0.0,1.0,0.0,0.0,0.0,0.0,0.0,0.0,0.0,1.0,5
2020-05-13,1,0,1,0.035034384578466415,0.035034384578466415,0.0,0.0,0.0,1.0,0.0,0.0,0.0,0.0,1.0,1.0,0.0,6
2020-05-14,2,0,2,0.0640622042119503,0.03203110210597515,0.0,0.0,0.5,0.0,0.0,0.0,0.0,0.0,0.5,0.0,1.0,7
2020-05-15,3,3,6,2.619897802360356,0.436649633726726,0.3333333333333333,0.0,0.16666666666666666,0.16666666666666666,0.0,0.16666666666666666,0.0,0.16666666666666666,1.0,0.6666666666666666,0.5,8
2020-05-16,0,2,2,1.7258370518684387,0.8629185259342194,0.0,0.0,0.0,1.0,0.0,0.0,0.0,0.0,0.5,0.0,0.5,1
2020-05-17,1,2,3,1.6476211845874786,0.5492070615291595,0.0,0.0,0.6666666666666666,0.0,0.0,0.0,0.3333333333333333,0.3333333333333333,1.0,0.6666666666666666,0.0,2
2020-05-18,0,0,0,0.0,0.5,0.0,0.0,0.0,0.0,0.0,0.0,0.0,0.0,0.0,0.0,0.0,3
2020-05-19,1,1,2,0.795766606926918,0.397883303463459,0.5,0.0,0.0,0.5,0.0,0.0,0.0,0.5,0.5,0.5,1.0,1
2020-05-20,1,2,3,1.5992009490728378,0.5330669830242792,0.0,0.3333333333333333,0.0,0.0,0.0,0.3333333333333333,0.3333333333333333,0.0,1.0,0.3333333333333333,0.6666666666666666,2
2020-05-21,0,0,0,0.0,0.5,0.0,0.0,0.0,0.0,0.0,0.0,0.0,0.0,0.0,0.0,0.0,3
2020-05-22,1,1,2,0.5992877185344696,0.2996438592672348,0.5,0.0,0.0,0.0,0.0,0.0,0.0,0.0,0.5,0.5,0.5,1
2020-05-23,1,3,4,2.43033854290843,0.6075846357271075,0.5,0.0,0.25,0.0,0.0,0.25,0.0,0.25,1.0,0.25,0.5,2
2020-05-24,0,1,1,0.8764237761497498,0.8764237761497498,0.0,0.0,0.0,0.0,0.0,1.0,0.0,0.0,1.0,1.0,1.0,3
2020-05-25,0,3,3,1.5421253442764282,0.5140417814254761,0.0,0.0,0.0,0.0,0.6666666666666666,0.0,0.3333333333333333,0.0,0.3333333333333333,0.6666666666666666,0.6666666666666666,4
2020-05-26,1,2,3,2.0392285883426666,0.6797428627808889,0.3333333333333333,0.0,0.0,0.6666666666666666,0.0,0.0,0.0,0.6666666666666666,0.3333333333333333,0.6666666666666666,0.3333333333333333,5
2020-05-27,2,2,4,2.068242624402046,0.5170606561005116,0.25,0.25,0.0,0.5,0.0,0.0,0.0,0.0,0.75,0.0,0.5,6
2020-05-28,4,0,4,0.1346985176205635,0.03367462940514088,0.0,0.25,0.5,0.0,0.25,0.0,0.0,0.0,0.0,0.25,0.25,7
2020-05-29,0,0,0,0.0,0.5,0.0,0.0,0.0,0.0,0.0,0.0,0.0,0.0,0.0,0.0,0.0,8
2020-05-30,0,2,2,1.4242948293685913,0.7121474146842957,1.0,0.0,0.0,0.0,0.0,0.0,0.0,0.0,0.5,0.0,0.0,1
2020-05-31,1,1,2,1.0331642404198647,0.5165821202099323,0.5,0.0,0.0,0.5,0.0,0.0,0.0,0.0,1.0,0.5,0.0,2
2020-06-01,1,1,2,0.867089616600424,0.433544808300212,0.0,0.0,0.0,1.0,0.0,0.0,0.0,0.5,0.0,0.5,0.5,3
2020-06-02,2,0,2,0.1683288961648941,0.08416444808244705,0.0,0.0,1.0,0.0,0.0,0.0,0.0,0.0,1.0,1.0,1.0,4
2020-06-03,3,3,6,2.619011646602303,0.4365019411003838,0.16666666666666666,0.0,0.16666666666666666,0.3333333333333333,0.3333333333333333,0.0,0.0,0.6666666666666666,0.3333333333333333,0.16666666666666666,0.6666666666666666,5
2020-06-04,1,0,1,0.023155577480793,0.023155577480793,0.0,0.0,0.0,1.0,0.0,0.0,0.0,0.0,0.0,0.0,0.0,1
2020-06-05,2,1,3,0.9126992085948586,0.30423306953161955,0.0,0.0,0.3333333333333333,0.3333333333333333,0.0,0.3333333333333333,0.0,0.6666666666666666,0.3333333333333333,1.0,1.0,2
2020-06-06,0,0,0,0.0,0.5,0.0,0.0,0.0,0.0,0.0,0.0,0.0,0.0,0.0,0.0,0.0,3
2020-06-07,0,2,2,1.9282758831977844,0.9641379415988922,0.5,0.0,0.0,0.0,0.5,0.0,0.0,0.0,0.5,1.0,0.0,1
2020-06-08,1,0,1,0.20633582770824432,0.20633582770824432,0.0,0.0,0.0,0.0,0.0,0.0,0.0,1.0,1.0,1.0,0.0,2
2020-06-09,0,0,0,0.0,0.5,0.0,0.0,0.0,0.0,0.0,0.0,0.0,0.0,0.0,0.0,0.0,3
2020-06-10,0,2,2,1.2803704142570496,0.6401852071285248,0.0,0.0,0.0,1.0,0.0,0.0,0.0,0.5,1.0,1.0,0.5,1
2020-06-11,1,2,3,1.8144336342811584,0.6048112114270529,0.0,0.0,0.3333333333333333,0.3333333333333333,0.0,0.3333333333333333,0.0,0.0,0.3333333333333333,0.0,0.6666666666666666,2
2020-06-12,2,1,3,1.2684576325118542,0.42281921083728474,0.3333333333333333,0.0,0.3333333333333333,0.3333333333333333,0.0,0.0,0.0,0.3333333333333333,0.6666666666666666,0.0,0.3333333333333333,3
2020-06-13,1,0,1,0.014911504462361336,0.014911504462361336,0.0,0.0,0.0,0.0,0.0,0.0,0.0,0.0,1.0,0.0,0.0,4
2020-06-14,2,0,2,0.04707141499966383,0.023535707499831915,0.0,0.0,0.0,0.0,0.5,0.5,0.0,0.0,0.0,0.5,1.0,5
2020-06-15,0,1,1,0.6754423975944519,0.6754423975944519,1.0,0.0,0.0,0.0,0.0,0.0,0.0,0.0,0.0,0.0,1.0,6
2020-06-16,0,0,0,0.0,0.5,0.0,0.0,0.0,0.0,0.0,0.0,0.0,0.0,0.0,0.0,0.0,7
2020-06-17,0,1,1,0.5198760628700256,0.5198760628700256,0.0,1.0,0.0,0.0,0.0,0.0,0.0,0.0,0.0,0.0,1.0,1
2020-06-18,4,1,5,1.5723995044827461,0.3144799008965492,0.4,0.2,0.2,0.0,0.0,0.2,0.0,0.0,0.6,0.4,0.6,2
2020-06-19,1,1,2,0.7367218704894185,0.36836093524470925,0.0,0.0,0.5,0.0,0.0,0.0,0.0,0.0,0.5,0.0,0.5,3
2020-06-20,3,0,3,0.07342359656468034,0.024474532188226778,0.3333333333333333,0.6666666666666666,0.0,0.0,0.0,0.0,0.0,0.0,0.6666666666666666,0.3333333333333333,1.0,4
2020-06-21,2,2,4,1.541688953526318,0.3854222383815795,0.25,0.25,0.0,0.25,0.0,0.25,0.0,0.0,0.5,0.5,0.0,5
2020-06-22,3,0,3,0.0743271941319108,0.0247757313773036,0.3333333333333333,0.0,0.3333333333333333,0.0,0.0,0.3333333333333333,0.0,0.0,0.6666666666666666,0.0,1.0,6
2020-06-23,2,2,4,1.9508563922718167,0.4877140980679542,0.0,0.0,0.0,0.25,0.25,0.25,0.25,0.25,0.25,0.25,0.75,7
2020-06-24,2,1,3,1.0042479187250137,0.33474930624167126,0.3333333333333333,0.0,0.3333333333333333,0.3333333333333333,0.0,0.0,0.0,0.3333333333333333,0.0,0.3333333333333333,1.0,8
2020-06-25,2,1,3,1.0830262396484613,0.3610087465494871,0.0,0.0,0.3333333333333333,0.0,0.0,0.3333333333333333,0.0,0.0,1.0,1.0,1.0,9
2020-06-26,1,0,1,0.005294798407703638,0.005294798407703638,0.0,0.0,1.0,0.0,0.0,0.0,0.0,0.0,0.0,0.0,1.0,10
2020-06-27,0,2,2,1.9576128125190735,0.9788064062595367,0.0,0.0,0.0,1.0,0.0,0.0,0.0,1.0,0.5,0.5,1.0,11
2020-06-28,1,0,1,0.027076687663793564,0.027076687663793564,1.0,0.0,0.0,0.0,0.0,0.0,0.0,0.0,1.0,1.0,1.0,12
2020-06-29,0,0,0,0.0,0.5,0.0,0.0,0.0,0.0,0.0,0.0,0.0,0.0,0.0,0.0,0.0,13
2020-06-30,0,1,1,0.9522956013679504,0.9522956013679504,1.0,0.0,0.0,0.0,0.0,0.0,0.0,1.0,1.0,1.0,0.0,1
2020-07-01,3,1,4,1.2948813810944557,0.32372034527361393,0.25,0.25,0.0,0.0,0.25,0.0,0.0,0.0,0.75,0.5,0.5,2
2020-07-02,3,1,4,1.3335740026086569,0.3333935006521642,0.5,0.0,0.0,0.25,0.25,0.0,0.0,0.0,1.0,0.25,0.5,3
2020-07-03,2,2,4,1.865372572094202,0.4663431430235505,0.5,0.0,0.0,0.0,0.0,0.5,0.0,0.5,0.5,1.0,0.25,4
2020-07-04,0,5,5,4.3603270053863525,0.8720654010772705,1.0,0.0,0.0,0.0,0.0,0.0,0.0,1.0,0.2,1.0,0.4,5
2020-07-05,3,1,4,1.326852647587657,0.33171316189691424,0.25,0.5,0.0,0.25,0.0,0.0,0.0,0.0,0.75,0.0,0.75,6
2020-07-06,2,2,4,2.2927000895142555,0.5731750223785639,0.0,0.25,0.0,0.5,0.0,0.0,0.0,0.0,0.25,0.5,0.5,7
2020-07-07,1,1,2,1.209336370229721,0.6046681851148605,0.0,0.0,0.5,0.5,0.0,0.0,0.0,0.5,0.5,0.5,0.5,8
2020-07-08,0,1,1,0.9720805287361145,0.9720805287361145,0.0,0.0,0.0,1.0,0.0,0.0,0.0,0.0,0.0,1.0,0.0,9
2020-07-09,2,1,3,1.0451266840100288,0.3483755613366763,0.0,0.3333333333333333,0.3333333333333333,0.0,0.0,0.3333333333333333,0.0,0.0,0.6666666666666666,0.6666666666666666,0.0,10
2020-07-10,1,0,1,0.35284098982810974,0.35284098982810974,1.0,0.0,0.0,0.0,0.0,0.0,0.0,1.0,0.0,1.0,1.0,11
2020-07-11,0,2,2,1.8868495225906372,0.9434247612953186,0.0,0.0,0.0,0.5,0.0,0.5,0.0,0.0,0.0,1.0,0.5,12
2020-07-12,1,1,2,1.100562423467636,0.550281211733818,0.0,0.0,0.0,0.5,0.0,0.0,0.0,0.0,0.0,0.5,0.0,13
2020-07-13,6,3,9,3.167366486042738,0.3519296095603042,0.2222222222222222,0.0,0.1111111111111111,0.3333333333333333,0.0,0.1111111111111111,0.0,0.4444444444444444,0.2222222222222222,0.8888888888888888,0.6666666666666666,14
2020-07-14,0,1,1,0.9049054980278015,0.9049054980278015,0.0,0.0,0.0,1.0,0.0,0.0,0.0,0.0,0.0,1.0,1.0,1
2020-07-15,1,0,1,0.19081825017929077,0.19081825017929077,0.0,0.0,1.0,0.0,0.0,0.0,0.0,0.0,1.0,1.0,0.0,2
2020-07-16,1,0,1,0.13115787506103516,0.13115787506103516,0.0,0.0,0.0,0.0,0.0,1.0,0.0,0.0,0.0,1.0,1.0,3
2020-07-17,0,0,0,0.0,0.5,0.0,0.0,0.0,0.0,0.0,0.0,0.0,0.0,0.0,0.0,0.0,4
2020-07-18,2,1,3,1.1718407422304153,0.3906135807434718,0.3333333333333333,0.0,0.3333333333333333,0.3333333333333333,0.0,0.0,0.0,0.0,0.6666666666666666,0.0,0.0,1
2020-07-19,0,0,0,0.0,0.5,0.0,0.0,0.0,0.0,0.0,0.0,0.0,0.0,0.0,0.0,0.0,2
2020-07-20,0,0,0,0.0,0.5,0.0,0.0,0.0,0.0,0.0,0.0,0.0,0.0,0.0,0.0,0.0,1
2020-07-21,2,8,10,6.8647869527339935,0.6864786952733993,0.0,0.1,0.1,0.8,0.0,0.0,0.0,0.8,0.3,0.5,0.5,1
2020-07-22,9,2,11,3.2210301347076893,0.29282092133706267,0.09090909090909091,0.09090909090909091,0.18181818181818182,0.2727272727272727,0.0,0.0,0.0,0.2727272727272727,0.2727272727272727,0.6363636363636364,0.9090909090909091,1
2020-07-23,2,1,3,1.3765044212341309,0.45883480707804364,0.0,0.0,0.3333333333333333,0.3333333333333333,0.0,0.0,0.0,0.0,1.0,0.6666666666666666,0.6666666666666666,1
2020-07-24,1,1,2,0.9229531586170197,0.4614765793085098,0.5,0.0,0.0,0.5,0.0,0.0,0.0,0.0,0.5,0.5,0.0,2
2020-07-25,3,2,5,2.4255976462736726,0.4851195292547345,0.4,0.0,0.4,0.0,0.0,0.0,0.0,0.2,0.2,0.6,0.8,3
2020-07-26,0,0,0,0.0,0.5,0.0,0.0,0.0,0.0,0.0,0.0,0.0,0.0,0.0,0.0,0.0,4
2020-07-27,0,1,1,0.8676162958145142,0.8676162958145142,0.0,0.0,1.0,0.0,0.0,0.0,0.0,0.0,1.0,1.0,0.0,1
2020-07-28,2,2,4,2.0015665143728256,0.5003916285932064,0.5,0.25,0.25,0.0,0.0,0.0,0.0,0.0,1.0,0.5,1.0,2
2020-07-29,1,0,1,0.3871205151081085,0.3871205151081085,0.0,0.0,0.0,1.0,0.0,0.0,0.0,0.0,1.0,0.0,0.0,3
2020-07-30,3,0,3,0.7130484692752361,0.23768282309174538,0.0,0.6666666666666666,0.0,0.0,0.0,0.3333333333333333,0.0,0.0,1.0,0.3333333333333333,0.6666666666666666,4
2020-07-31,0,1,1,0.9711474180221558,0.9711474180221558,0.0,0.0,0.0,1.0,0.0,0.0,0.0,1.0,1.0,0.0,1.0,5
2020-08-01,0,2,2,1.7849430441856384,0.8924715220928192,0.5,0.0,0.0,0.0,0.5,0.0,0.0,0.0,0.5,0.0,1.0,6
2020-08-02,0,1,1,0.6564193964004517,0.6564193964004517,0.0,1.0,0.0,0.0,0.0,0.0,0.0,1.0,1.0,0.0,1.0,7
2020-08-03,0,0,0,0.0,0.5,0.0,0.0,0.0,0.0,0.0,0.0,0.0,0.0,0.0,0.0,0.0,8
2020-08-04,1,0,1,0.010787456296384335,0.010787456296384335,0.0,0.0,0.0,0.0,1.0,0.0,0.0,0.0,0.0,0.0,0.0,1
2020-08-05,0,0,0,0.0,0.5,0.0,0.0,0.0,0.0,0.0,0.0,0.0,0.0,0.0,0.0,0.0,2
2020-08-06,2,1,3,0.9851364940404892,0.3283788313468297,0.3333333333333333,0.0,0.3333333333333333,0.0,0.0,0.3333333333333333,0.0,0.0,1.0,0.6666666666666666,0.3333333333333333,1
2020-08-07,2,0,2,0.43244682997465134,0.21622341498732567,0.0,0.0,0.5,0.5,0.0,0.0,0.0,0.0,1.0,0.0,0.5,2
2020-08-08,2,7,9,6.1347491927444935,0.6816387991938326,0.6666666666666666,0.0,0.1111111111111111,0.1111111111111111,0.0,0.1111111111111111,0.0,0.0,0.4444444444444444,0.4444444444444444,0.5555555555555556,3
2020-08-09,1,0,1,0.4131592810153961,0.4131592810153961,0.0,0.0,0.0,1.0,0.0,0.0,0.0,0.0,1.0,0.0,0.0,1
2020-08-10,2,1,3,1.0006093010306358,0.33353643367687863,0.3333333333333333,0.0,0.3333333333333333,0.0,0.3333333333333333,0.0,0.0,0.0,1.0,0.6666666666666666,1.0,2
2020-08-11,2,0,2,0.21655234694480896,0.10827617347240448,0.0,0.0,1.0,0.0,0.0,0.0,0.0,0.0,0.5,0.0,1.0,3
2020-08-12,1,1,2,0.9947486892342567,0.49737434461712837,0.0,0.5,0.5,0.0,0.0,0.0,0.0,0.0,0.5,0.5,0.5,4
2020-08-13,2,1,3,0.7155666872859001,0.23852222909530005,0.0,0.0,0.3333333333333333,0.6666666666666666,0.0,0.0,0.0,0.0,0.6666666666666666,0.0,0.6666666666666666,5
2020-08-14,1,1,2,1.1103217005729675,0.5551608502864838,0.0,0.0,0.0,0.5,0.0,0.0,0.0,0.0,0.5,0.0,0.5,6
2020-08-15,2,0,2,0.20512707717716694,0.10256353858858347,0.5,0.5,0.0,0.0,0.0,0.0,0.0,0.0,0.5,0.0,0.5,7
2020-08-16,1,1,2,0.887389674782753,0.4436948373913765,0.0,0.0,0.5,0.0,0.0,0.0,0.0,0.0,0.5,0.0,0.5,8
2020-08-17,4,4,8,4.5621776804327965,0.5702722100540996,0.375,0.25,0.125,0.0,0.25,0.0,0.0,0.0,0.875,0.375,0.5,9
2020-08-18,0,1,1,0.9878552556037903,0.9878552556037903,0.0,0.0,1.0,0.0,0.0,0.0,0.0,0.0,0.0,0.0,0.0,1
2020-08-19,7,0,7,0.4751172102987766,0.06787388718553952,0.2857142857142857,0.0,0.2857142857142857,0.14285714285714285,0.0,0.0,0.0,0.0,0.42857142857142855,0.7142857142857143,0.5714285714285714,2
2020-08-20,1,2,3,1.9196268394589424,0.6398756131529808,0.3333333333333333,0.0,0.3333333333333333,0.3333333333333333,0.0,0.0,0.0,0.0,1.0,0.0,0.3333333333333333,1
2020-08-21,0,5,5,4.50334358215332,0.900668716430664,0.0,0.0,0.0,0.4,0.6,0.0,0.0,0.4,0.6,0.6,0.4,2
2020-08-22,0,1,1,0.853355884552002,0.853355884552002,0.0,0.0,0.0,0.0,1.0,0.0,0.0,0.0,1.0,0.0,1.0,3
2020-08-23,0,1,1,0.7521577477455139,0.7521577477455139,0.0,1.0,0.0,0.0,0.0,0.0,0.0,0.0,0.0,0.0,1.0,4
2020-08-24,1,4,5,3.5470404028892517,0.7094080805778503,0.2,0.0,0.0,0.2,0.0,0.4,0.2,0.2,0.4,0.4,0.6,5
2020-08-25,1,3,4,2.85718896985054,0.714297242462635,0.25,0.25,0.0,0.25,0.0,0.25,0.0,0.0,0.25,0.25,0.25,6
2020-08-26,1,1,2,0.8506691604852676,0.4253345802426338,0.5,0.0,0.0,0.0,0.0,0.5,0.0,0.0,0.5,0.5,1.0,7
2020-08-27,0,2,2,1.1185727715492249,0.5592863857746124,0.0,0.0,0.5,0.0,0.5,0.0,0.0,0.0,1.0,0.0,0.0,8
2020-08-28,0,2,2,1.5488767623901367,0.7744383811950684,0.5,0.5,0.0,0.0,0.0,0.0,0.0,0.0,1.0,0.5,0.5,9
2020-08-29,2,1,3,1.0145096126943827,0.33816987089812756,0.3333333333333333,0.0,0.6666666666666666,0.0,0.0,0.0,0.0,0.0,1.0,0.0,0.6666666666666666,10
2020-08-30,2,2,4,1.8744410052895546,0.46861025132238865,0.0,0.0,0.5,0.25,0.25,0.0,0.0,0.0,0.75,0.5,0.25,11
2020-08-31,1,1,2,1.0372300148010254,0.5186150074005127,0.0,0.0,0.5,0.0,0.0,0.0,0.0,0.0,1.0,0.5,0.0,12
2020-09-01,1,1,2,0.8465441167354584,0.4232720583677292,1.0,0.0,0.0,0.0,0.0,0.0,0.0,0.0,1.0,0.0,0.5,13
2020-09-02,0,2,2,1.6550706028938293,0.8275353014469147,0.5,0.0,0.5,0.0,0.0,0.0,0.0,0.5,1.0,0.0,1.0,14
2020-09-03,0,1,1,0.922671914100647,0.922671914100647,1.0,0.0,0.0,0.0,0.0,0.0,0.0,1.0,0.0,0.0,0.0,15
2020-09-04,0,0,0,0.0,0.5,0.0,0.0,0.0,0.0,0.0,0.0,0.0,0.0,0.0,0.0,0.0,16
2020-09-05,1,1,2,1.06172376871109,0.530861884355545,0.0,0.0,0.0,0.0,0.0,1.0,0.0,0.0,1.0,0.5,0.5,1
2020-09-06,2,0,2,0.0943295918405056,0.0471647959202528,1.0,0.0,0.0,0.0,0.0,0.0,0.0,0.0,0.0,0.5,1.0,2
2020-09-07,0,1,1,0.8471565842628479,0.8471565842628479,0.0,0.0,0.0,1.0,0.0,0.0,0.0,0.0,1.0,0.0,1.0,3
2020-09-08,1,0,1,0.06811205297708511,0.06811205297708511,0.0,0.0,0.0,1.0,0.0,0.0,0.0,0.0,1.0,0.0,0.0,4
2020-09-09,1,0,1,0.04597191512584686,0.04597191512584686,0.0,0.0,0.0,1.0,0.0,0.0,0.0,0.0,1.0,0.0,1.0,5
2020-09-10,0,0,0,0.0,0.5,0.0,0.0,0.0,0.0,0.0,0.0,0.0,0.0,0.0,0.0,0.0,6
2020-09-11,0,0,0,0.0,0.5,0.0,0.0,0.0,0.0,0.0,0.0,0.0,0.0,0.0,0.0,0.0,1
2020-09-12,0,1,1,0.6536455154418945,0.6536455154418945,1.0,0.0,0.0,0.0,0.0,0.0,0.0,0.0,0.0,0.0,1.0,1
2020-09-13,0,0,0,0.0,0.5,0.0,0.0,0.0,0.0,0.0,0.0,0.0,0.0,0.0,0.0,0.0,2
2020-09-14,1,0,1,0.0898120254278183,0.0898120254278183,0.0,0.0,0.0,0.0,0.0,1.0,0.0,0.0,0.0,0.0,0.0,1
2020-09-15,0,1,1,0.9630872011184692,0.9630872011184692,0.0,0.0,0.0,0.0,1.0,0.0,0.0,0.0,1.0,0.0,1.0,2
2020-09-16,0,2,2,1.7343021035194397,0.8671510517597198,0.5,0.0,0.0,0.5,0.0,0.0,0.0,0.5,0.0,0.5,1.0,3
2020-09-17,3,2,5,2.3709482718259096,0.4741896543651819,0.4,0.0,0.2,0.2,0.0,0.2,0.0,0.2,0.8,0.6,0.4,4
2020-09-18,0,2,2,1.4491325616836548,0.7245662808418274,0.0,0.0,0.0,0.0,0.0,0.5,0.5,0.5,0.5,0.5,0.0,5
2020-09-19,1,1,2,0.9557092562317848,0.4778546281158924,0.5,0.0,0.0,0.0,0.0,0.5,0.0,0.0,1.0,0.5,0.5,6
2020-09-20,2,0,2,0.4780773431994021,0.23903867159970105,0.5,0.0,0.0,0.0,0.0,0.5,0.0,0.0,0.0,0.5,0.5,7
2020-09-21,1,1,2,1.025521419942379,0.5127607099711895,0.0,0.0,0.0,0.0,1.0,0.0,0.0,0.0,1.0,0.5,0.5,8
2020-09-22,0,1,1,0.9651211500167847,0.9651211500167847,0.0,0.0,0.0,1.0,0.0,0.0,0.0,0.0,1.0,0.0,0.0,9
2020-09-23,0,1,1,0.6867292523384094,0.6867292523384094,0.0,0.0,1.0,0.0,0.0,0.0,0.0,0.0,1.0,0.0,1.0,10
2020-09-24,0,1,1,0.9145978093147278,0.9145978093147278,0.0,0.0,0.0,0.0,1.0,0.0,0.0,0.0,0.0,0.0,0.0,11
2020-09-25,0,0,0,0.0,0.5,0.0,0.0,0.0,0.0,0.0,0.0,0.0,0.0,0.0,0.0,0.0,12
2020-09-26,0,1,1,0.8238710165023804,0.8238710165023804,0.0,0.0,0.0,1.0,0.0,0.0,0.0,0.0,0.0,0.0,1.0,1
2020-09-27,0,1,1,0.9747143387794495,0.9747143387794495,0.0,0.0,1.0,0.0,0.0,0.0,0.0,0.0,1.0,0.0,1.0,2
2020-09-28,0,2,2,1.874552845954895,0.9372764229774475,1.0,0.0,0.0,0.0,0.0,0.0,0.0,1.0,0.5,1.0,0.0,3
2020-09-29,0,1,1,0.8916170597076416,0.8916170597076416,0.0,0.0,1.0,0.0,0.0,0.0,0.0,0.0,0.0,0.0,1.0,4
2020-09-30,1,18,19,14.593484684824944,0.7680781413065759,0.8947368421052632,0.0,0.05263157894736842,0.0,0.0,0.05263157894736842,0.0,0.7894736842105263,0.47368421052631576,0.8947368421052632,0.3684210526315789,5
2020-10-01,1,1,2,0.9292008671909571,0.46460043359547853,0.0,0.0,0.0,0.5,0.0,0.5,0.0,0.5,1.0,0.0,0.0,1
2020-10-02,0,0,0,0.0,0.5,0.0,0.0,0.0,0.0,0.0,0.0,0.0,0.0,0.0,0.0,0.0,2
2020-10-03,0,3,3,2.145644247531891,0.715214749177297,0.6666666666666666,0.0,0.0,0.3333333333333333,0.0,0.0,0.0,0.0,0.6666666666666666,0.6666666666666666,0.3333333333333333,1
2020-10-04,0,0,0,0.0,0.5,0.0,0.0,0.0,0.0,0.0,0.0,0.0,0.0,0.0,0.0,0.0,2
2020-10-05,1,0,1,0.0057197692804038525,0.0057197692804038525,1.0,0.0,0.0,0.0,0.0,0.0,0.0,0.0,0.0,0.0,1.0,1
2020-10-06,1,0,1,0.01486531738191843,0.01486531738191843,1.0,0.0,0.0,0.0,0.0,0.0,0.0,0.0,1.0,0.0,1.0,2
2020-10-07,0,1,1,0.9218806624412537,0.9218806624412537,0.0,0.0,0.0,1.0,0.0,0.0,0.0,0.0,1.0,0.0,1.0,3
2020-10-08,0,0,0,0.0,0.5,0.0,0.0,0.0,0.0,0.0,0.0,0.0,0.0,0.0,0.0,0.0,4
2020-10-09,0,0,0,0.0,0.5,0.0,0.0,0.0,0.0,0.0,0.0,0.0,0.0,0.0,0.0,0.0,1
2020-10-10,0,0,0,0.0,0.5,0.0,0.0,0.0,0.0,0.0,0.0,0.0,0.0,0.0,0.0,0.0,1
2020-10-11,1,0,1,0.028095053508877754,0.028095053508877754,0.0,0.0,0.0,0.0,0.0,0.0,0.0,0.0,1.0,0.0,1.0,1
2020-10-12,0,0,0,0.0,0.5,0.0,0.0,0.0,0.0,0.0,0.0,0.0,0.0,0.0,0.0,0.0,2
2020-10-13,0,1,1,0.9870443940162659,0.9870443940162659,0.0,0.0,0.0,1.0,0.0,0.0,0.0,0.0,1.0,0.0,1.0,1
2020-10-14,1,2,3,2.021927386522293,0.673975795507431,0.0,0.0,0.3333333333333333,0.3333333333333333,0.0,0.3333333333333333,0.0,0.3333333333333333,0.3333333333333333,0.0,0.6666666666666666,2
2020-10-15,0,0,0,0.0,0.5,0.0,0.0,0.0,0.0,0.0,0.0,0.0,0.0,0.0,0.0,0.0,3
2020-10-16,1,0,1,0.3102678060531616,0.3102678060531616,1.0,0.0,0.0,0.0,0.0,0.0,0.0,0.0,0.0,1.0,1.0,1
2020-10-17,0,0,0,0.0,0.5,0.0,0.0,0.0,0.0,0.0,0.0,0.0,0.0,0.0,0.0,0.0,2
2020-10-18,1,0,1,0.10930432379245758,0.10930432379245758,1.0,0.0,0.0,0.0,0.0,0.0,0.0,0.0,1.0,0.0,0.0,1
2020-10-19,0,2,2,1.950894057750702,0.975447028875351,0.0,0.0,0.0,1.0,0.0,0.0,0.0,0.0,0.0,1.0,0.0,2
2020-10-20,0,0,0,0.0,0.5,0.0,0.0,0.0,0.0,0.0,0.0,0.0,0.0,0.0,0.0,0.0,3
2020-10-21,0,0,0,0.0,0.5,0.0,0.0,0.0,0.0,0.0,0.0,0.0,0.0,0.0,0.0,0.0,1
2020-10-22,0,0,0,0.0,0.5,0.0,0.0,0.0,0.0,0.0,0.0,0.0,0.0,0.0,0.0,0.0,1
2020-10-23,0,1,1,0.9754312038421631,0.9754312038421631,0.0,0.0,0.0,1.0,0.0,0.0,0.0,0.0,0.0,1.0,0.0,1
2020-10-24,1,0,1,0.02065919153392315,0.02065919153392315,1.0,0.0,0.0,0.0,0.0,0.0,0.0,0.0,1.0,0.0,1.0,2
2020-10-25,0,0,0,0.0,0.5,0.0,0.0,0.0,0.0,0.0,0.0,0.0,0.0,0.0,0.0,0.0,3
2020-10-26,1,0,1,0.013590137474238873,0.013590137474238873,0.0,0.0,0.0,0.0,0.0,1.0,0.0,0.0,1.0,1.0,0.0,1
2020-10-27,0,1,1,0.9563433527946472,0.9563433527946472,0.0,0.0,0.0,1.0,0.0,0.0,0.0,0.0,0.0,1.0,0.0,2
2020-10-28,0,0,0,0.0,0.5,0.0,0.0,0.0,0.0,0.0,0.0,0.0,0.0,0.0,0.0,0.0,3
2020-10-29,0,0,0,0.0,0.5,0.0,0.0,0.0,0.0,0.0,0.0,0.0,0.0,0.0,0.0,0.0,1
2020-10-30,3,0,3,0.6120313704013824,0.20401045680046082,1.0,0.0,0.0,0.0,0.0,0.0,0.0,1.0,0.3333333333333333,1.0,0.0,1
2020-10-31,3,0,3,0.5189569294452667,0.17298564314842224,0.6666666666666666,0.0,0.3333333333333333,0.0,0.0,0.0,0.0,0.6666666666666666,0.3333333333333333,0.3333333333333333,0.6666666666666666,2
2020-11-01,0,0,0,0.0,0.5,0.0,0.0,0.0,0.0,0.0,0.0,0.0,0.0,0.0,0.0,0.0,3
2020-11-02,1,0,1,0.040921591222286224,0.040921591222286224,0.0,0.0,0.0,1.0,0.0,0.0,0.0,0.0,1.0,1.0,1.0,1
2020-11-03,0,0,0,0.0,0.5,0.0,0.0,0.0,0.0,0.0,0.0,0.0,0.0,0.0,0.0,0.0,2
2020-11-04,0,1,1,0.9366002678871155,0.9366002678871155,0.0,1.0,0.0,0.0,0.0,0.0,0.0,0.0,0.0,1.0,1.0,1
2020-11-05,1,0,1,0.06772743910551071,0.06772743910551071,0.0,0.0,1.0,0.0,0.0,0.0,0.0,0.0,0.0,1.0,0.0,2
2020-11-06,0,0,0,0.0,0.5,0.0,0.0,0.0,0.0,0.0,0.0,0.0,0.0,0.0,0.0,0.0,3
2020-11-07,0,1,1,0.9941054582595825,0.9941054582595825,0.0,0.0,0.0,0.0,0.0,1.0,0.0,0.0,1.0,1.0,0.0,1
2020-11-08,0,1,1,0.9169310331344604,0.9169310331344604,0.0,0.0,1.0,0.0,0.0,0.0,0.0,0.0,1.0,0.0,1.0,2
2020-11-09,0,0,0,0.0,0.5,0.0,0.0,0.0,0.0,0.0,0.0,0.0,0.0,0.0,0.0,0.0,3
2020-11-10,0,0,0,0.0,0.5,0.0,0.0,0.0,0.0,0.0,0.0,0.0,0.0,0.0,0.0,0.0,1
2020-11-11,1,0,1,0.22234438359737396,0.22234438359737396,0.0,1.0,0.0,0.0,0.0,0.0,0.0,0.0,0.0,0.0,1.0,1
2020-11-12,1,0,1,0.17296011745929718,0.17296011745929718,0.0,0.0,0.0,0.0,0.0,1.0,0.0,0.0,0.0,0.0,1.0,2
2020-11-13,0,1,1,0.9226154685020447,0.9226154685020447,0.0,1.0,0.0,0.0,0.0,0.0,0.0,0.0,0.0,1.0,1.0,3
2020-11-14,1,2,3,2.03264582157135,0.6775486071904501,1.0,0.0,0.0,0.0,0.0,0.0,0.0,0.0,0.6666666666666666,0.0,0.3333333333333333,4
2020-11-15,1,0,1,0.3993898928165436,0.3993898928165436,0.0,0.0,1.0,0.0,0.0,0.0,0.0,0.0,1.0,0.0,0.0,5
2020-11-16,0,0,0,0.0,0.5,0.0,0.0,0.0,0.0,0.0,0.0,0.0,0.0,0.0,0.0,0.0,6
2020-11-17,2,1,3,1.4929526299238205,0.4976508766412735,0.6666666666666666,0.0,0.3333333333333333,0.0,0.0,0.0,0.0,0.0,0.3333333333333333,0.0,0.6666666666666666,1
2020-11-18,0,1,1,0.852799654006958,0.852799654006958,0.0,0.0,0.0,0.0,0.0,0.0,1.0,0.0,0.0,0.0,1.0,2
2020-11-19,0,0,0,0.0,0.5,0.0,0.0,0.0,0.0,0.0,0.0,0.0,0.0,0.0,0.0,0.0,3
2020-11-20,0,0,0,0.0,0.5,0.0,0.0,0.0,0.0,0.0,0.0,0.0,0.0,0.0,0.0,0.0,1
2020-11-21,0,2,2,1.8750994801521301,0.9375497400760651,0.5,0.0,0.5,0.0,0.0,0.0,0.0,0.0,0.0,1.0,0.0,1
2020-11-22,0,0,0,0.0,0.5,0.0,0.0,0.0,0.0,0.0,0.0,0.0,0.0,0.0,0.0,0.0,2
2020-11-23,0,0,0,0.0,0.5,0.0,0.0,0.0,0.0,0.0,0.0,0.0,0.0,0.0,0.0,0.0,1
2020-11-24,0,0,0,0.0,0.5,0.0,0.0,0.0,0.0,0.0,0.0,0.0,0.0,0.0,0.0,0.0,1
2020-11-25,1,0,1,0.13552330434322357,0.13552330434322357,0.0,1.0,0.0,0.0,0.0,0.0,0.0,0.0,1.0,0.0,1.0,1
2020-11-26,0,0,0,0.0,0.5,0.0,0.0,0.0,0.0,0.0,0.0,0.0,0.0,0.0,0.0,0.0,2
2020-11-27,0,1,1,0.93043452501297,0.93043452501297,0.0,0.0,0.0,0.0,0.0,1.0,0.0,0.0,1.0,1.0,1.0,1
2020-11-28,2,0,2,0.2952256929129362,0.1476128464564681,0.5,0.0,0.5,0.0,0.0,0.0,0.0,0.0,1.0,0.0,1.0,2
2020-11-29,0,1,1,0.9376587867736816,0.9376587867736816,0.0,0.0,1.0,0.0,0.0,0.0,0.0,0.0,0.0,1.0,1.0,3
2020-11-30,0,2,2,1.8943655490875244,0.9471827745437622,0.0,0.5,0.0,0.5,0.0,0.0,0.0,0.0,0.5,0.5,0.5,4
2020-12-01,0,1,1,0.9395125508308411,0.9395125508308411,0.0,0.0,1.0,0.0,0.0,0.0,0.0,0.0,0.0,0.0,0.0,5
2020-12-02,0,0,0,0.0,0.5,0.0,0.0,0.0,0.0,0.0,0.0,0.0,0.0,0.0,0.0,0.0,6
2020-12-03,0,0,0,0.0,0.5,0.0,0.0,0.0,0.0,0.0,0.0,0.0,0.0,0.0,0.0,0.0,1
2020-12-04,0,1,1,0.9156351685523987,0.9156351685523987,0.0,0.0,0.0,0.0,0.0,1.0,0.0,0.0,1.0,0.0,1.0,1
2020-12-05,0,0,0,0.0,0.5,0.0,0.0,0.0,0.0,0.0,0.0,0.0,0.0,0.0,0.0,0.0,2
2020-12-06,1,0,1,0.017855100333690643,0.017855100333690643,0.0,0.0,0.0,0.0,1.0,0.0,0.0,0.0,1.0,0.0,1.0,1
2020-12-07,1,0,1,0.022925350815057755,0.022925350815057755,0.0,0.0,0.0,0.0,0.0,1.0,0.0,0.0,1.0,0.0,1.0,2
2020-12-08,0,0,0,0.0,0.5,0.0,0.0,0.0,0.0,0.0,0.0,0.0,0.0,0.0,0.0,0.0,3
2020-12-09,0,0,0,0.0,0.5,0.0,0.0,0.0,0.0,0.0,0.0,0.0,0.0,0.0,0.0,0.0,1
2020-12-10,1,0,1,0.025329789146780968,0.025329789146780968,0.0,0.0,0.0,1.0,0.0,0.0,0.0,0.0,0.0,1.0,1.0,1
2020-12-11,0,1,1,0.8728392720222473,0.8728392720222473,0.0,0.0,0.0,0.0,0.0,1.0,0.0,0.0,1.0,0.0,1.0,2
2020-12-12,0,1,1,0.5742383599281311,0.5742383599281311,1.0,0.0,0.0,0.0,0.0,0.0,0.0,0.0,0.0,1.0,0.0,3
2020-12-13,1,0,1,0.21040254831314087,0.21040254831314087,0.0,0.0,0.0,1.0,0.0,0.0,0.0,1.0,1.0,0.0,1.0,4
2020-12-14,0,0,0,0.0,0.5,0.0,0.0,0.0,0.0,0.0,0.0,0.0,0.0,0.0,0.0,0.0,5
2020-12-15,0,0,0,0.0,0.5,0.0,0.0,0.0,0.0,0.0,0.0,0.0,0.0,0.0,0.0,0.0,1
2020-12-16,0,0,0,0.0,0.5,0.0,0.0,0.0,0.0,0.0,0.0,0.0,0.0,0.0,0.0,0.0,1
2020-12-17,1,1,2,0.953166919760406,0.476583459880203,0.5,0.0,0.0,0.5,0.0,0.0,0.0,0.0,0.5,1.0,0.5,1
2020-12-18,2,0,2,0.011362116783857346,0.005681058391928673,1.0,0.0,0.0,0.0,0.0,0.0,0.0,0.0,1.0,0.0,1.0,2
2020-12-19,0,0,0,0.0,0.5,0.0,0.0,0.0,0.0,0.0,0.0,0.0,0.0,0.0,0.0,0.0,3
2020-12-20,0,0,0,0.0,0.5,0.0,0.0,0.0,0.0,0.0,0.0,0.0,0.0,0.0,0.0,0.0,1
2020-12-21,1,0,1,0.05972651019692421,0.05972651019692421,0.0,0.0,0.0,0.0,1.0,0.0,0.0,0.0,0.0,0.0,0.0,1
2020-12-22,0,0,0,0.0,0.5,0.0,0.0,0.0,0.0,0.0,0.0,0.0,0.0,0.0,0.0,0.0,2
2020-12-23,6,0,6,0.9429028574377298,0.15715047623962164,0.3333333333333333,0.0,0.5,0.0,0.0,0.16666666666666666,0.0,0.16666666666666666,0.6666666666666666,0.5,0.8333333333333334,1
2020-12-24,0,0,0,0.0,0.5,0.0,0.0,0.0,0.0,0.0,0.0,0.0,0.0,0.0,0.0,0.0,1
2020-12-25,0,0,0,0.0,0.5,0.0,0.0,0.0,0.0,0.0,0.0,0.0,0.0,0.0,0.0,0.0,1
2020-12-26,1,0,1,0.03250761330127716,0.03250761330127716,1.0,0.0,0.0,0.0,0.0,0.0,0.0,0.0,0.0,1.0,1.0,1
2020-12-27,3,0,3,0.17786233313381672,0.059287444377938904,0.0,0.0,0.3333333333333333,0.0,0.0,0.0,0.0,0.0,0.3333333333333333,0.6666666666666666,0.6666666666666666,2
2020-12-28,1,0,1,0.10824166238307953,0.10824166238307953,0.0,0.0,0.0,0.0,0.0,0.0,0.0,0.0,0.0,0.0,0.0,3
2020-12-29,1,1,2,1.1121274828910828,0.5560637414455414,0.5,0.5,0.0,0.0,0.0,0.0,0.0,0.0,1.0,0.5,1.0,4
2020-12-30,2,0,2,0.28776758164167404,0.14388379082083702,0.0,0.0,0.0,1.0,0.0,0.0,0.0,0.0,1.0,0.5,1.0,5
2020-12-31,1,1,2,0.8754306770861149,0.43771533854305744,0.0,0.0,0.0,0.5,0.0,0.0,0.0,0.0,0.0,0.5,0.5,6
2021-01-01,0,2,2,1.7385478615760803,0.8692739307880402,0.0,0.0,0.5,0.5,0.0,0.0,0.0,0.5,0.5,0.5,0.0,7
2021-01-02,1,0,1,0.00730635691434145,0.00730635691434145,1.0,0.0,0.0,0.0,0.0,0.0,0.0,0.0,1.0,0.0,1.0,8
2021-01-03,0,2,2,1.5233252048492432,0.7616626024246216,0.5,0.0,0.0,0.0,0.0,0.5,0.0,0.0,1.0,0.5,0.0,9
2021-01-04,2,0,2,0.0335239889100194,0.0167619944550097,0.5,0.0,0.0,0.0,0.0,0.5,0.0,0.0,0.5,0.0,0.0,10
2021-01-05,6,2,8,2.339034072123468,0.2923792590154335,0.125,0.0,0.75,0.0,0.125,0.0,0.0,0.125,0.25,0.75,0.375,11
2021-01-06,2,0,2,0.05440398305654526,0.02720199152827263,0.0,0.0,0.0,1.0,0.0,0.0,0.0,0.0,0.0,1.0,0.0,1
2021-01-07,0,1,1,0.714505672454834,0.714505672454834,1.0,0.0,0.0,0.0,0.0,0.0,0.0,0.0,1.0,0.0,0.0,2
2021-01-08,2,1,3,1.0928543717600405,0.3642847905866802,0.3333333333333333,0.0,0.0,0.0,0.3333333333333333,0.0,0.3333333333333333,0.0,0.3333333333333333,0.3333333333333333,0.6666666666666666,3
2021-01-09,1,2,3,1.6055929567664862,0.5351976522554954,0.0,0.0,0.3333333333333333,0.0,0.6666666666666666,0.0,0.0,0.3333333333333333,0.6666666666666666,0.6666666666666666,0.3333333333333333,4
2021-01-10,0,3,3,2.324047565460205,0.7746825218200684,0.0,0.0,0.0,0.3333333333333333,0.6666666666666666,0.0,0.0,1.0,0.3333333333333333,1.0,1.0,5
2021-01-11,2,0,2,0.04178798571228981,0.020893992856144905,0.0,0.0,0.5,0.0,0.0,0.5,0.0,0.0,1.0,0.0,1.0,6
2021-01-12,0,2,2,1.7690389156341553,0.8845194578170776,0.0,0.0,0.0,0.0,0.5,0.5,0.0,0.0,0.0,0.0,0.0,7
2021-01-13,2,1,3,1.1380592677742243,0.37935308925807476,0.6666666666666666,0.0,0.0,0.0,0.0,0.3333333333333333,0.0,0.0,0.6666666666666666,0.3333333333333333,0.0,8
2021-01-14,0,2,2,1.545867145061493,0.7729335725307465,0.0,0.0,0.5,0.0,0.5,0.0,0.0,0.5,0.5,1.0,0.5,9
2021-01-15,3,1,4,1.4000766202807426,0.35001915507018566,0.25,0.0,0.0,0.0,0.5,0.25,0.0,0.25,0.25,0.25,0.75,10
2021-01-16,22,0,22,1.638586622197181,0.07448121009987187,0.09090909090909091,0.045454545454545456,0.09090909090909091,0.0,0.0,0.045454545454545456,0.0,0.0,0.6818181818181818,0.6818181818181818,0.6363636363636364,11
2021-01-17,0,2,2,1.9107986688613892,0.9553993344306946,0.0,0.0,0.5,0.0,0.0,0.5,0.0,0.0,1.0,1.0,1.0,1
2021-01-18,0,3,3,2.038749873638153,0.6795832912127177,0.3333333333333333,0.3333333333333333,0.0,0.0,0.3333333333333333,0.0,0.0,0.3333333333333333,0.3333333333333333,0.6666666666666666,0.0,2
2021-01-19,0,0,0,0.0,0.5,0.0,0.0,0.0,0.0,0.0,0.0,0.0,0.0,0.0,0.0,0.0,3
2021-01-20,4,1,5,1.2139651142060757,0.24279302284121512,0.2,0.2,0.0,0.2,0.0,0.2,0.0,0.2,1.0,0.6,0.6,1
2021-01-21,1,0,1,0.32801470160484314,0.32801470160484314,0.0,0.0,0.0,0.0,0.0,1.0,0.0,0.0,1.0,1.0,1.0,2
2021-01-22,1,0,1,0.06651750952005386,0.06651750952005386,0.0,0.0,0.0,1.0,0.0,0.0,0.0,0.0,1.0,1.0,1.0,3
2021-01-23,0,0,0,0.0,0.5,0.0,0.0,0.0,0.0,0.0,0.0,0.0,0.0,0.0,0.0,0.0,4
2021-01-24,0,2,2,1.7486660480499268,0.8743330240249634,1.0,0.0,0.0,0.0,0.0,0.0,0.0,1.0,0.5,1.0,0.0,1
2021-01-25,0,0,0,0.0,0.5,0.0,0.0,0.0,0.0,0.0,0.0,0.0,0.0,0.0,0.0,0.0,2
2021-01-26,1,1,2,0.6982112601399422,0.3491056300699711,1.0,0.0,0.0,0.0,0.0,0.0,0.0,0.5,0.5,0.5,1.0,1
2021-01-27,0,2,2,1.6616114974021912,0.8308057487010956,0.0,0.0,0.0,0.5,0.5,0.0,0.0,0.0,0.0,0.5,0.0,2
2021-01-28,1,1,2,0.9900864474475384,0.4950432237237692,0.0,0.0,0.0,0.5,0.0,0.0,0.5,0.5,1.0,0.5,0.5,3
2021-01-29,2,0,2,0.11748679913580418,0.05874339956790209,0.5,0.5,0.0,0.0,0.0,0.0,0.0,0.5,1.0,0.5,1.0,4
2021-01-30,1,1,2,0.7450969368219376,0.3725484684109688,0.0,0.0,0.5,0.0,0.0,0.0,0.0,0.0,0.0,0.5,0.5,5
2021-01-31,1,1,2,1.0572214275598526,0.5286107137799263,0.5,0.5,0.0,0.0,0.0,0.0,0.0,0.0,0.5,0.0,0.5,6
2021-02-01,0,0,0,0.0,0.5,0.0,0.0,0.0,0.0,0.0,0.0,0.0,0.0,0.0,0.0,0.0,7
2021-02-02,0,1,1,0.5286436080932617,0.5286436080932617,0.0,0.0,0.0,0.0,0.0,0.0,0.0,0.0,0.0,0.0,1.0,1
2021-02-03,0,0,0,0.0,0.5,0.0,0.0,0.0,0.0,0.0,0.0,0.0,0.0,0.0,0.0,0.0,2
2021-02-04,1,0,1,0.04185052216053009,0.04185052216053009,0.0,1.0,0.0,0.0,0.0,0.0,0.0,0.0,0.0,0.0,1.0,1
2021-02-05,2,10,12,7.963572666049004,0.6636310555040836,0.8333333333333334,0.08333333333333333,0.0,0.0,0.08333333333333333,0.0,0.0,0.8333333333333334,0.3333333333333333,0.75,0.6666666666666666,2
2021-02-06,0,0,0,0.0,0.5,0.0,0.0,0.0,0.0,0.0,0.0,0.0,0.0,0.0,0.0,0.0,1
2021-02-07,0,1,1,0.6125457882881165,0.6125457882881165,1.0,0.0,0.0,0.0,0.0,0.0,0.0,1.0,1.0,0.0,0.0,1
2021-02-08,0,2,2,1.6116097569465637,0.8058048784732819,1.0,0.0,0.0,0.0,0.0,0.0,0.0,1.0,0.5,1.0,0.5,2
2021-02-09,0,2,2,1.6429458260536194,0.8214729130268097,1.0,0.0,0.0,0.0,0.0,0.0,0.0,0.0,0.0,0.5,1.0,3
2021-02-10,0,0,0,0.0,0.5,0.0,0.0,0.0,0.0,0.0,0.0,0.0,0.0,0.0,0.0,0.0,4
2021-02-11,0,0,0,0.0,0.5,0.0,0.0,0.0,0.0,0.0,0.0,0.0,0.0,0.0,0.0,0.0,1
2021-02-12,0,0,0,0.0,0.5,0.0,0.0,0.0,0.0,0.0,0.0,0.0,0.0,0.0,0.0,0.0,1
2021-02-13,0,0,0,0.0,0.5,0.0,0.0,0.0,0.0,0.0,0.0,0.0,0.0,0.0,0.0,0.0,1
2021-02-14,0,0,0,0.0,0.5,0.0,0.0,0.0,0.0,0.0,0.0,0.0,0.0,0.0,0.0,0.0,1
2021-02-15,0,1,1,0.8872271180152893,0.8872271180152893,1.0,0.0,0.0,0.0,0.0,0.0,0.0,1.0,0.0,1.0,0.0,1
2021-02-16,1,1,2,0.8999458448961377,0.44997292244806886,0.5,0.0,0.5,0.0,0.0,0.0,0.0,0.0,0.0,0.5,0.5,2
2021-02-17,1,0,1,0.016866596415638924,0.016866596415638924,0.0,0.0,0.0,0.0,1.0,0.0,0.0,0.0,1.0,0.0,1.0,3
2021-02-18,0,0,0,0.0,0.5,0.0,0.0,0.0,0.0,0.0,0.0,0.0,0.0,0.0,0.0,0.0,4
2021-02-19,1,2,3,1.9392672069370747,0.6464224023123583,0.3333333333333333,0.0,0.0,0.3333333333333333,0.0,0.3333333333333333,0.0,0.3333333333333333,0.6666666666666666,0.3333333333333333,0.3333333333333333,1
2021-02-20,0,0,0,0.0,0.5,0.0,0.0,0.0,0.0,0.0,0.0,0.0,0.0,0.0,0.0,0.0,2
2021-02-21,0,0,0,0.0,0.5,0.0,0.0,0.0,0.0,0.0,0.0,0.0,0.0,0.0,0.0,0.0,1
2021-02-22,0,0,0,0.0,0.5,0.0,0.0,0.0,0.0,0.0,0.0,0.0,0.0,0.0,0.0,0.0,1
2021-02-23,0,0,0,0.0,0.5,0.0,0.0,0.0,0.0,0.0,0.0,0.0,0.0,0.0,0.0,0.0,1
2021-02-24,0,0,0,0.0,0.5,0.0,0.0,0.0,0.0,0.0,0.0,0.0,0.0,0.0,0.0,0.0,1
2021-02-25,0,1,1,0.8706880211830139,0.8706880211830139,0.0,0.0,0.0,0.0,1.0,0.0,0.0,0.0,0.0,1.0,1.0,1
2021-02-26,0,0,0,0.0,0.5,0.0,0.0,0.0,0.0,0.0,0.0,0.0,0.0,0.0,0.0,0.0,2
2021-02-27,0,0,0,0.0,0.5,0.0,0.0,0.0,0.0,0.0,0.0,0.0,0.0,0.0,0.0,0.0,1
2021-02-28,0,0,0,0.0,0.5,0.0,0.0,0.0,0.0,0.0,0.0,0.0,0.0,0.0,0.0,0.0,1
2021-03-01,0,0,0,0.0,0.5,0.0,0.0,0.0,0.0,0.0,0.0,0.0,0.0,0.0,0.0,0.0,1
2021-03-02,0,0,0,0.0,0.5,0.0,0.0,0.0,0.0,0.0,0.0,0.0,0.0,0.0,0.0,0.0,1
2021-03-03,0,1,1,0.5030571222305298,0.5030571222305298,1.0,0.0,0.0,0.0,0.0,0.0,0.0,0.0,0.0,1.0,0.0,1
2021-03-04,0,0,0,0.0,0.5,0.0,0.0,0.0,0.0,0.0,0.0,0.0,0.0,0.0,0.0,0.0,2
2021-03-05,0,2,2,1.699190616607666,0.849595308303833,0.0,0.5,0.0,0.0,0.5,0.0,0.0,0.0,1.0,0.5,0.0,1
2021-03-06,1,0,1,0.0042022522538900375,0.0042022522538900375,0.0,0.0,0.0,1.0,0.0,0.0,0.0,0.0,0.0,0.0,1.0,2
2021-03-07,0,0,0,0.0,0.5,0.0,0.0,0.0,0.0,0.0,0.0,0.0,0.0,0.0,0.0,0.0,3
2021-03-08,0,0,0,0.0,0.5,0.0,0.0,0.0,0.0,0.0,0.0,0.0,0.0,0.0,0.0,0.0,1
2021-03-09,0,0,0,0.0,0.5,0.0,0.0,0.0,0.0,0.0,0.0,0.0,0.0,0.0,0.0,0.0,1
2021-03-10,0,0,0,0.0,0.5,0.0,0.0,0.0,0.0,0.0,0.0,0.0,0.0,0.0,0.0,0.0,1
2021-03-11,1,1,2,0.7082423213869333,0.35412116069346666,0.0,0.0,0.0,0.0,0.0,1.0,0.0,0.0,0.5,0.0,0.0,1
2021-03-12,0,0,0,0.0,0.5,0.0,0.0,0.0,0.0,0.0,0.0,0.0,0.0,0.0,0.0,0.0,2
2021-03-13,0,0,0,0.0,0.5,0.0,0.0,0.0,0.0,0.0,0.0,0.0,0.0,0.0,0.0,0.0,1
2021-03-14,0,0,0,0.0,0.5,0.0,0.0,0.0,0.0,0.0,0.0,0.0,0.0,0.0,0.0,0.0,1
2021-03-15,0,0,0,0.0,0.5,0.0,0.0,0.0,0.0,0.0,0.0,0.0,0.0,0.0,0.0,0.0,1
2021-03-16,0,0,0,0.0,0.5,0.0,0.0,0.0,0.0,0.0,0.0,0.0,0.0,0.0,0.0,0.0,1
2021-03-17,0,0,0,0.0,0.5,0.0,0.0,0.0,0.0,0.0,0.0,0.0,0.0,0.0,0.0,0.0,1
2021-03-18,0,0,0,0.0,0.5,0.0,0.0,0.0,0.0,0.0,0.0,0.0,0.0,0.0,0.0,0.0,1
2021-03-19,0,1,1,0.9764451384544373,0.9764451384544373,0.0,0.0,0.0,1.0,0.0,0.0,0.0,1.0,0.0,0.0,1.0,1
2021-03-20,0,0,0,0.0,0.5,0.0,0.0,0.0,0.0,0.0,0.0,0.0,0.0,0.0,0.0,0.0,2
2021-03-21,0,1,1,0.7099695205688477,0.7099695205688477,0.0,0.0,1.0,0.0,0.0,0.0,0.0,1.0,1.0,0.0,0.0,1
2021-03-22,0,1,1,0.8132199048995972,0.8132199048995972,0.0,0.0,0.0,1.0,0.0,0.0,0.0,1.0,1.0,1.0,1.0,2
2021-03-23,0,0,0,0.0,0.5,0.0,0.0,0.0,0.0,0.0,0.0,0.0,0.0,0.0,0.0,0.0,3
2021-03-24,1,1,2,0.7764773778617382,0.3882386889308691,0.0,0.0,1.0,0.0,0.0,0.0,0.0,0.0,0.0,0.0,0.5,1
2021-03-25,1,0,1,0.01557936891913414,0.01557936891913414,0.0,0.0,0.0,0.0,0.0,1.0,0.0,0.0,1.0,0.0,1.0,2
2021-03-26,0,0,0,0.0,0.5,0.0,0.0,0.0,0.0,0.0,0.0,0.0,0.0,0.0,0.0,0.0,3
2021-03-27,0,1,1,0.649314820766449,0.649314820766449,0.0,0.0,0.0,0.0,0.0,0.0,0.0,0.0,1.0,0.0,1.0,1
2021-03-28,1,0,1,0.006192355882376432,0.006192355882376432,1.0,0.0,0.0,0.0,0.0,0.0,0.0,0.0,1.0,0.0,1.0,2
2021-03-29,0,0,0,0.0,0.5,0.0,0.0,0.0,0.0,0.0,0.0,0.0,0.0,0.0,0.0,0.0,3
2021-03-30,0,0,0,0.0,0.5,0.0,0.0,0.0,0.0,0.0,0.0,0.0,0.0,0.0,0.0,0.0,1
2021-03-31,0,50,50,47.320907056331635,0.9464181411266327,1.0,0.0,0.0,0.0,0.0,0.0,0.0,0.0,0.72,0.78,0.7,1
2021-04-01,0,0,0,0.0,0.5,0.0,0.0,0.0,0.0,0.0,0.0,0.0,0.0,0.0,0.0,0.0,1
2021-04-02,0,0,0,0.0,0.5,0.0,0.0,0.0,0.0,0.0,0.0,0.0,0.0,0.0,0.0,0.0,1
2021-04-03,0,0,0,0.0,0.5,0.0,0.0,0.0,0.0,0.0,0.0,0.0,0.0,0.0,0.0,0.0,1
2021-04-04,0,0,0,0.0,0.5,0.0,0.0,0.0,0.0,0.0,0.0,0.0,0.0,0.0,0.0,0.0,1
2021-04-05,0,0,0,0.0,0.5,0.0,0.0,0.0,0.0,0.0,0.0,0.0,0.0,0.0,0.0,0.0,1
2021-04-06,0,1,1,0.9491415619850159,0.9491415619850159,1.0,0.0,0.0,0.0,0.0,0.0,0.0,0.0,1.0,0.0,1.0,1
2021-04-07,3,3,6,3.0449451208114624,0.507490853468577,0.0,0.3333333333333333,0.6666666666666666,0.0,0.0,0.0,0.0,0.6666666666666666,0.5,0.6666666666666666,0.5,2
2021-04-08,0,1,1,0.9491415619850159,0.9491415619850159,1.0,0.0,0.0,0.0,0.0,0.0,0.0,0.0,1.0,1.0,1.0,1
2021-04-09,0,0,0,0.0,0.5,0.0,0.0,0.0,0.0,0.0,0.0,0.0,0.0,0.0,0.0,0.0,2
2021-04-10,0,1,1,0.9265757203102112,0.9265757203102112,1.0,0.0,0.0,0.0,0.0,0.0,0.0,0.0,1.0,0.0,1.0,1
2021-04-11,0,0,0,0.0,0.5,0.0,0.0,0.0,0.0,0.0,0.0,0.0,0.0,0.0,0.0,0.0,2
2021-04-12,0,1,1,0.8271816372871399,0.8271816372871399,0.0,0.0,0.0,0.0,0.0,0.0,1.0,0.0,1.0,0.0,0.0,1
2021-04-13,0,0,0,0.0,0.5,0.0,0.0,0.0,0.0,0.0,0.0,0.0,0.0,0.0,0.0,0.0,2
2021-04-14,0,0,0,0.0,0.5,0.0,0.0,0.0,0.0,0.0,0.0,0.0,0.0,0.0,0.0,0.0,1
2021-04-15,0,0,0,0.0,0.5,0.0,0.0,0.0,0.0,0.0,0.0,0.0,0.0,0.0,0.0,0.0,1
2021-04-16,0,0,0,0.0,0.5,0.0,0.0,0.0,0.0,0.0,0.0,0.0,0.0,0.0,0.0,0.0,1
2021-04-17,0,0,0,0.0,0.5,0.0,0.0,0.0,0.0,0.0,0.0,0.0,0.0,0.0,0.0,0.0,1
2021-04-18,0,1,1,0.975623369216919,0.975623369216919,0.0,0.0,0.0,1.0,0.0,0.0,0.0,1.0,0.0,1.0,0.0,1
2021-04-19,0,4,4,2.6819450855255127,0.6704862713813782,0.25,0.0,0.0,0.0,0.75,0.0,0.0,0.0,0.5,0.25,1.0,2
2021-04-20,1,2,3,1.5075175240635872,0.502505841354529,0.0,0.0,0.3333333333333333,0.3333333333333333,0.3333333333333333,0.0,0.0,0.0,0.0,0.3333333333333333,0.3333333333333333,3
2021-04-21,0,2,2,1.1494338512420654,0.5747169256210327,0.0,0.0,0.0,0.0,1.0,0.0,0.0,0.0,1.0,0.0,0.0,4
2021-04-22,0,1,1,0.5747169256210327,0.5747169256210327,0.0,0.0,0.0,0.0,1.0,0.0,0.0,0.0,0.0,0.0,1.0,5
2021-04-23,0,0,0,0.0,0.5,0.0,0.0,0.0,0.0,0.0,0.0,0.0,0.0,0.0,0.0,0.0,6
2021-04-24,0,0,0,0.0,0.5,0.0,0.0,0.0,0.0,0.0,0.0,0.0,0.0,0.0,0.0,0.0,1
2021-04-25,1,0,1,0.17430761456489563,0.17430761456489563,0.0,0.0,1.0,0.0,0.0,0.0,0.0,0.0,0.0,0.0,1.0,1
2021-04-26,0,0,0,0.0,0.5,0.0,0.0,0.0,0.0,0.0,0.0,0.0,0.0,0.0,0.0,0.0,2
2021-04-27,0,0,0,0.0,0.5,0.0,0.0,0.0,0.0,0.0,0.0,0.0,0.0,0.0,0.0,0.0,1
2021-04-28,1,1,2,0.9426497220993042,0.4713248610496521,0.0,0.0,0.0,0.5,0.0,0.5,0.0,0.5,0.5,0.0,0.5,1
2021-04-29,1,0,1,0.02837355062365532,0.02837355062365532,1.0,0.0,0.0,0.0,0.0,0.0,0.0,0.0,1.0,0.0,0.0,2
2021-04-30,0,2,2,1.6714954376220703,0.8357477188110352,0.0,0.0,0.0,1.0,0.0,0.0,0.0,1.0,0.5,0.5,0.5,3
2021-05-01,0,0,0,0.0,0.5,0.0,0.0,0.0,0.0,0.0,0.0,0.0,0.0,0.0,0.0,0.0,4
2021-05-02,0,1,1,0.8173611760139465,0.8173611760139465,0.0,0.0,0.0,0.0,0.0,0.0,0.0,0.0,1.0,0.0,1.0,1
2021-05-03,3,0,3,0.04693331569433212,0.015644438564777374,0.6666666666666666,0.0,0.0,0.3333333333333333,0.0,0.0,0.0,0.0,1.0,0.3333333333333333,0.6666666666666666,2
2021-05-04,3,9,12,6.3800939209759235,0.5316744934146603,0.25,0.0,0.3333333333333333,0.3333333333333333,0.0,0.0,0.0,0.0,0.6666666666666666,0.4166666666666667,0.5,3
2021-05-05,2,3,5,2.8158543836325407,0.5631708767265081,0.0,0.0,0.8,0.0,0.2,0.0,0.0,0.4,0.4,0.6,0.6,1
2021-05-06,1,11,12,9.201346956193447,0.7667789130161206,0.08333333333333333,0.0,0.6666666666666666,0.16666666666666666,0.0,0.08333333333333333,0.0,0.6666666666666666,0.4166666666666667,0.5,0.4166666666666667,2
2021-05-07,0,9,9,6.83924400806427,0.75991600089603,0.0,0.0,0.8888888888888888,0.1111111111111111,0.0,0.0,0.0,0.7777777777777778,0.4444444444444444,1.0,0.7777777777777778,1
2021-05-08,1,3,4,2.1693547666072845,0.5423386916518211,0.0,0.0,0.25,0.75,0.0,0.0,0.0,0.0,0.75,0.5,0.5,1
2021-05-09,0,0,0,0.0,0.5,0.0,0.0,0.0,0.0,0.0,0.0,0.0,0.0,0.0,0.0,0.0,2
2021-05-10,0,1,1,0.9556851983070374,0.9556851983070374,0.0,0.0,0.0,1.0,0.0,0.0,0.0,0.0,0.0,0.0,0.0,1
2021-05-11,0,2,2,1.8697401285171509,0.9348700642585754,0.0,0.0,0.0,1.0,0.0,0.0,0.0,0.5,0.5,0.0,0.5,2
2021-05-12,0,1,1,0.9538055062294006,0.9538055062294006,0.0,0.0,0.0,1.0,0.0,0.0,0.0,0.0,0.0,1.0,0.0,3
2021-05-13,0,1,1,0.5747169256210327,0.5747169256210327,0.0,0.0,0.0,0.0,1.0,0.0,0.0,0.0,1.0,1.0,1.0,4
2021-05-14,0,0,0,0.0,0.5,0.0,0.0,0.0,0.0,0.0,0.0,0.0,0.0,0.0,0.0,0.0,5
2021-05-15,0,0,0,0.0,0.5,0.0,0.0,0.0,0.0,0.0,0.0,0.0,0.0,0.0,0.0,0.0,1
2021-05-16,0,0,0,0.0,0.5,0.0,0.0,0.0,0.0,0.0,0.0,0.0,0.0,0.0,0.0,0.0,1
2021-05-17,0,1,1,0.9769273996353149,0.9769273996353149,1.0,0.0,0.0,0.0,0.0,0.0,0.0,1.0,1.0,0.0,1.0,1
2021-05-18,0,1,1,0.949196994304657,0.949196994304657,0.0,0.0,0.0,1.0,0.0,0.0,0.0,1.0,0.0,0.0,1.0,2
2021-05-19,0,1,1,0.7997959852218628,0.7997959852218628,1.0,0.0,0.0,0.0,0.0,0.0,0.0,0.0,1.0,0.0,0.0,3
2021-05-20,0,0,0,0.0,0.5,0.0,0.0,0.0,0.0,0.0,0.0,0.0,0.0,0.0,0.0,0.0,4
2021-05-21,0,1,1,0.7643330693244934,0.7643330693244934,1.0,0.0,0.0,0.0,0.0,0.0,0.0,0.0,0.0,0.0,1.0,1
2021-05-22,0,0,0,0.0,0.5,0.0,0.0,0.0,0.0,0.0,0.0,0.0,0.0,0.0,0.0,0.0,2
2021-05-23,0,1,1,0.9847250580787659,0.9847250580787659,0.0,0.0,0.0,1.0,0.0,0.0,0.0,0.0,1.0,1.0,1.0,1
2021-05-24,1,1,2,0.9909017961472273,0.49545089807361364,0.0,0.0,0.0,0.5,0.0,0.5,0.0,0.0,0.5,0.0,0.0,2
2021-05-25,0,1,1,0.8970041871070862,0.8970041871070862,0.0,0.0,0.0,0.0,1.0,0.0,0.0,1.0,1.0,0.0,0.0,3
2021-05-26,0,1,1,0.954177737236023,0.954177737236023,0.0,0.0,0.0,0.0,0.0,1.0,0.0,0.0,1.0,0.0,1.0,4
2021-05-27,1,1,2,0.842876486480236,0.421438243240118,0.5,0.0,0.0,0.0,0.0,0.5,0.0,0.0,0.5,1.0,0.5,5
2021-05-28,3,8,11,6.588943023234606,0.598994820294055,0.0,0.0,0.5454545454545454,0.09090909090909091,0.09090909090909091,0.0,0.0,0.0,0.45454545454545453,0.7272727272727273,0.6363636363636364,6
2021-05-29,1,5,6,4.07828120328486,0.6797135338808099,0.16666666666666666,0.0,0.16666666666666666,0.6666666666666666,0.0,0.0,0.0,0.3333333333333333,0.6666666666666666,0.5,0.8333333333333334,1
2021-05-30,0,0,0,0.0,0.5,0.0,0.0,0.0,0.0,0.0,0.0,0.0,0.0,0.0,0.0,0.0,1
2021-05-31,0,2,2,1.5472227334976196,0.7736113667488098,0.0,0.0,0.0,1.0,0.0,0.0,0.0,0.5,0.5,0.0,0.0,1
2021-06-01,0,0,0,0.0,0.5,0.0,0.0,0.0,0.0,0.0,0.0,0.0,0.0,0.0,0.0,0.0,2
2021-06-02,0,0,0,0.0,0.5,0.0,0.0,0.0,0.0,0.0,0.0,0.0,0.0,0.0,0.0,0.0,1
2021-06-03,0,1,1,0.8347525000572205,0.8347525000572205,0.0,0.0,0.0,1.0,0.0,0.0,0.0,0.0,0.0,1.0,1.0,1
2021-06-04,0,0,0,0.0,0.5,0.0,0.0,0.0,0.0,0.0,0.0,0.0,0.0,0.0,0.0,0.0,2
2021-06-05,0,0,0,0.0,0.5,0.0,0.0,0.0,0.0,0.0,0.0,0.0,0.0,0.0,0.0,0.0,1
2021-06-06,0,0,0,0.0,0.5,0.0,0.0,0.0,0.0,0.0,0.0,0.0,0.0,0.0,0.0,0.0,1
2021-06-07,0,0,0,0.0,0.5,0.0,0.0,0.0,0.0,0.0,0.0,0.0,0.0,0.0,0.0,0.0,1
2021-06-08,0,0,0,0.0,0.5,0.0,0.0,0.0,0.0,0.0,0.0,0.0,0.0,0.0,0.0,0.0,1
2021-06-09,0,0,0,0.0,0.5,0.0,0.0,0.0,0.0,0.0,0.0,0.0,0.0,0.0,0.0,0.0,1
2021-06-10,0,0,0,0.0,0.5,0.0,0.0,0.0,0.0,0.0,0.0,0.0,0.0,0.0,0.0,0.0,1
2021-06-11,22,1,23,10.636075019836426,0.46243804434071417,0.0,0.0,1.0,0.0,0.0,0.0,0.0,0.0,0.391304347826087,0.0,0.9130434782608695,1
2021-06-12,1,2,3,1.4004923179745674,0.4668307726581891,0.0,0.0,0.6666666666666666,0.3333333333333333,0.0,0.0,0.0,0.3333333333333333,0.3333333333333333,0.6666666666666666,0.3333333333333333,1
2021-06-13,0,0,0,0.0,0.5,0.0,0.0,0.0,0.0,0.0,0.0,0.0,0.0,0.0,0.0,0.0,2
2021-06-14,0,0,0,0.0,0.5,0.0,0.0,0.0,0.0,0.0,0.0,0.0,0.0,0.0,0.0,0.0,1
2021-06-15,0,4,4,3.3914012908935547,0.8478503227233887,1.0,0.0,0.0,0.0,0.0,0.0,0.0,0.25,1.0,0.0,0.75,1
2021-06-16,0,0,0,0.0,0.5,0.0,0.0,0.0,0.0,0.0,0.0,0.0,0.0,0.0,0.0,0.0,2
2021-06-17,1,0,1,0.00716056115925312,0.00716056115925312,1.0,0.0,0.0,0.0,0.0,0.0,0.0,0.0,1.0,0.0,0.0,1
2021-06-18,1,0,1,0.026885544881224632,0.026885544881224632,0.0,0.0,0.0,0.0,1.0,0.0,0.0,0.0,0.0,1.0,1.0,2
2021-06-19,2,0,2,0.0662295687943697,0.03311478439718485,0.0,0.0,0.0,0.0,0.0,1.0,0.0,0.0,0.0,1.0,1.0,3
2021-06-20,0,0,0,0.0,0.5,0.0,0.0,0.0,0.0,0.0,0.0,0.0,0.0,0.0,0.0,0.0,4
2021-06-21,1,0,1,0.0890614464879036,0.0890614464879036,0.0,0.0,1.0,0.0,0.0,0.0,0.0,0.0,1.0,1.0,1.0,1
2021-06-22,1,2,3,2.285334825515747,0.7617782751719157,0.3333333333333333,0.0,0.0,0.3333333333333333,0.3333333333333333,0.0,0.0,0.3333333333333333,0.6666666666666666,0.3333333333333333,0.6666666666666666,2
2021-06-23,1,0,1,0.31896981596946716,0.31896981596946716,0.0,0.0,0.0,0.0,1.0,0.0,0.0,1.0,0.0,1.0,1.0,3
2021-06-24,1,4,5,3.604742876254022,0.7209485752508045,0.0,0.0,0.2,0.2,0.6,0.0,0.0,0.8,1.0,0.4,0.4,4
2021-06-25,0,11,11,9.179118752479553,0.8344653411345049,0.0,0.0,0.18181818181818182,0.36363636363636365,0.45454545454545453,0.0,0.0,0.6363636363636364,0.2727272727272727,0.8181818181818182,0.2727272727272727,5
2021-06-26,0,1,1,0.8629822134971619,0.8629822134971619,0.0,0.0,0.0,0.0,1.0,0.0,0.0,1.0,1.0,1.0,1.0,1
2021-06-27,0,1,1,0.5747169256210327,0.5747169256210327,0.0,0.0,0.0,0.0,1.0,0.0,0.0,0.0,0.0,0.0,1.0,2
2021-06-28,0,0,0,0.0,0.5,0.0,0.0,0.0,0.0,0.0,0.0,0.0,0.0,0.0,0.0,0.0,3
2021-06-29,0,0,0,0.0,0.5,0.0,0.0,0.0,0.0,0.0,0.0,0.0,0.0,0.0,0.0,0.0,1
2021-06-30,2,1,3,0.9328545667231083,0.3109515222410361,0.0,0.0,0.3333333333333333,0.3333333333333333,0.0,0.0,0.0,0.0,1.0,0.6666666666666666,0.6666666666666666,1
2021-07-01,0,0,0,0.0,0.5,0.0,0.0,0.0,0.0,0.0,0.0,0.0,0.0,0.0,0.0,0.0,2
2021-07-02,0,0,0,0.0,0.5,0.0,0.0,0.0,0.0,0.0,0.0,0.0,0.0,0.0,0.0,0.0,1
2021-07-03,0,3,3,2.0532851815223694,0.6844283938407898,0.0,0.0,0.6666666666666666,0.0,0.0,0.3333333333333333,0.0,0.0,0.3333333333333333,0.6666666666666666,0.3333333333333333,1
2021-07-04,1,1,2,0.749936617910862,0.374968308955431,0.0,0.0,0.5,0.0,0.5,0.0,0.0,0.0,0.0,1.0,1.0,2
2021-07-05,1,2,3,1.475908737629652,0.491969579209884,0.3333333333333333,0.0,0.6666666666666666,0.0,0.0,0.0,0.0,0.0,0.3333333333333333,0.3333333333333333,1.0,3
2021-07-06,0,0,0,0.0,0.5,0.0,0.0,0.0,0.0,0.0,0.0,0.0,0.0,0.0,0.0,0.0,4
2021-07-07,2,0,2,0.058947594836354256,0.029473797418177128,0.0,0.0,0.5,0.5,0.0,0.0,0.0,0.0,1.0,0.5,0.5,1
2021-07-08,0,1,1,0.590230405330658,0.590230405330658,0.0,0.0,0.0,1.0,0.0,0.0,0.0,0.0,1.0,1.0,0.0,2
2021-07-09,2,0,2,0.10318328440189362,0.05159164220094681,1.0,0.0,0.0,0.0,0.0,0.0,0.0,0.0,1.0,0.0,0.5,3
2021-07-10,2,0,2,0.18384436704218388,0.09192218352109194,0.5,0.0,0.0,0.0,0.0,0.5,0.0,0.0,0.5,0.0,0.5,4
2021-07-11,0,2,2,1.6018624305725098,0.8009312152862549,0.0,0.0,0.0,0.5,0.0,0.5,0.0,0.0,1.0,0.5,0.5,5
2021-07-12,0,0,0,0.0,0.5,0.0,0.0,0.0,0.0,0.0,0.0,0.0,0.0,0.0,0.0,0.0,6
2021-07-13,2,0,2,0.3953402955085039,0.19767014775425196,0.0,0.0,0.0,1.0,0.0,0.0,0.0,0.0,0.5,0.0,1.0,1
2021-07-14,0,1,1,0.9086636304855347,0.9086636304855347,1.0,0.0,0.0,0.0,0.0,0.0,0.0,0.0,1.0,0.0,0.0,2
2021-07-15,2,0,2,0.06271170638501644,0.03135585319250822,0.0,0.0,0.5,0.5,0.0,0.0,0.0,0.0,0.5,0.5,0.5,3
2021-07-16,1,0,1,0.0048514422960579395,0.0048514422960579395,0.0,0.0,0.0,1.0,0.0,0.0,0.0,0.0,1.0,0.0,0.0,4
2021-07-17,0,0,0,0.0,0.5,0.0,0.0,0.0,0.0,0.0,0.0,0.0,0.0,0.0,0.0,0.0,5
2021-07-18,0,0,0,0.0,0.5,0.0,0.0,0.0,0.0,0.0,0.0,0.0,0.0,0.0,0.0,0.0,1
2021-07-19,0,1,1,0.5728533864021301,0.5728533864021301,0.0,0.0,1.0,0.0,0.0,0.0,0.0,0.0,0.0,0.0,0.0,1
2021-07-20,0,0,0,0.0,0.5,0.0,0.0,0.0,0.0,0.0,0.0,0.0,0.0,0.0,0.0,0.0,2
2021-07-21,0,0,0,0.0,0.5,0.0,0.0,0.0,0.0,0.0,0.0,0.0,0.0,0.0,0.0,0.0,1
2021-07-22,0,0,0,0.0,0.5,0.0,0.0,0.0,0.0,0.0,0.0,0.0,0.0,0.0,0.0,0.0,1
2021-07-23,2,0,2,0.11584517545998096,0.05792258772999048,0.5,0.0,0.0,0.0,0.0,0.5,0.0,0.5,0.5,0.5,0.5,1
2021-07-24,1,0,1,0.10557112097740173,0.10557112097740173,1.0,0.0,0.0,0.0,0.0,0.0,0.0,1.0,1.0,0.0,1.0,2
2021-07-25,1,3,4,2.409947868436575,0.6024869671091437,0.0,0.0,0.5,0.5,0.0,0.0,0.0,0.0,0.75,0.25,0.5,3
2021-07-26,1,0,1,0.006435653660446405,0.006435653660446405,0.0,0.0,1.0,0.0,0.0,0.0,0.0,0.0,0.0,0.0,1.0,4
2021-07-27,2,0,2,0.13702134788036346,0.06851067394018173,0.5,0.5,0.0,0.0,0.0,0.0,0.0,0.0,1.0,0.5,1.0,5
2021-07-28,2,0,2,0.04534124955534935,0.022670624777674675,0.0,0.0,0.5,0.5,0.0,0.0,0.0,0.0,1.0,1.0,1.0,6
2021-07-29,4,2,6,1.9067969843745232,0.31779949739575386,0.16666666666666666,0.3333333333333333,0.16666666666666666,0.16666666666666666,0.0,0.0,0.0,0.0,0.5,0.5,0.8333333333333334,7
2021-07-30,6,4,10,4.1809610007330775,0.4180961000733078,0.2,0.1,0.3,0.2,0.0,0.2,0.0,0.1,0.3,0.8,0.6,1
2021-07-31,7,17,24,14.179705368354917,0.5908210570147882,0.625,0.125,0.08333333333333333,0.08333333333333333,0.041666666666666664,0.041666666666666664,0.0,0.5416666666666666,0.375,0.7083333333333334,0.75,1
2021-08-01,39,15,54,19.504810714162886,0.36120019841042383,0.2037037037037037,0.037037037037037035,0.0,0.018518518518518517,0.09259259259259259,0.6481481481481481,0.0,0.2222222222222222,0.8333333333333334,0.5185185185185185,0.5185185185185185,1
2021-08-02,7,4,11,4.363303645979613,0.39666396781632846,0.2727272727272727,0.0,0.0,0.18181818181818182,0.18181818181818182,0.36363636363636365,0.0,0.45454545454545453,0.6363636363636364,0.7272727272727273,0.9090909090909091,1
2021-08-03,4,2,6,1.79449000954628,0.2990816682577133,0.3333333333333333,0.3333333333333333,0.0,0.16666666666666666,0.0,0.16666666666666666,0.0,0.3333333333333333,0.3333333333333333,0.5,0.3333333333333333,1
2021-08-04,12,5,17,4.936692886054516,0.2903936991796774,0.5882352941176471,0.23529411764705882,0.0,0.0,0.17647058823529413,0.0,0.0,0.6470588235294118,0.6470588235294118,0.8823529411764706,0.6470588235294118,1
2021-08-05,24,61,85,51.30825190991163,0.6036264930577839,0.1411764705882353,0.5764705882352941,0.2,0.047058823529411764,0.03529411764705882,0.0,0.0,0.7176470588235294,0.49411764705882355,0.6352941176470588,0.6352941176470588,1
2021-08-06,15,16,31,14.445296127349138,0.46597729443061736,0.3225806451612903,0.3548387096774194,0.0967741935483871,0.06451612903225806,0.16129032258064516,0.0,0.0,0.5806451612903226,0.7096774193548387,0.6451612903225806,0.6451612903225806,1
2021-08-07,8,9,17,7.072969060856849,0.4160570035798146,0.17647058823529413,0.4117647058823529,0.11764705882352941,0.058823529411764705,0.11764705882352941,0.058823529411764705,0.058823529411764705,0.29411764705882354,0.6470588235294118,0.7058823529411765,0.8823529411764706,1
2021-08-08,2,16,18,13.619626104831696,0.756645894712872,0.05555555555555555,0.7222222222222222,0.0,0.1111111111111111,0.1111111111111111,0.0,0.0,0.7222222222222222,0.5,0.7777777777777778,0.7777777777777778,1
2021-08-09,6,8,14,7.202632401604205,0.514473742971729,0.14285714285714285,0.5714285714285714,0.0,0.07142857142857142,0.21428571428571427,0.0,0.0,0.2857142857142857,0.21428571428571427,0.5714285714285714,0.42857142857142855,1
2021-08-10,11,6,17,7.285349934827536,0.42854999616632566,0.23529411764705882,0.23529411764705882,0.11764705882352941,0.17647058823529413,0.058823529411764705,0.17647058823529413,0.0,0.4117647058823529,0.6470588235294118,0.5294117647058824,0.6470588235294118,1
2021-08-11,13,19,32,16.963922884315252,0.5301225901348516,0.03125,0.15625,0.15625,0.0625,0.59375,0.0,0.0,0.46875,0.5625,0.84375,0.65625,1
2021-08-12,7,36,43,29.68691746890545,0.6903934295094291,0.37209302325581395,0.18604651162790697,0.11627906976744186,0.0,0.3023255813953488,0.0,0.0,0.7209302325581395,0.3953488372093023,0.627906976744186,0.46511627906976744,1
2021-08-13,11,3,14,3.641577608883381,0.2601126863488129,0.07142857142857142,0.42857142857142855,0.2857142857142857,0.07142857142857142,0.07142857142857142,0.0,0.07142857142857142,0.2857142857142857,0.5,0.42857142857142855,0.6428571428571429,1
2021-08-14,5,2,7,1.7856896133162081,0.25509851618802976,0.2857142857142857,0.0,0.42857142857142855,0.0,0.14285714285714285,0.0,0.0,0.2857142857142857,0.5714285714285714,0.2857142857142857,1.0,1
2021-08-15,9,0,9,1.3148675030097365,0.14609638922330406,0.2222222222222222,0.4444444444444444,0.3333333333333333,0.0,0.0,0.0,0.0,0.0,0.3333333333333333,0.4444444444444444,0.4444444444444444,1
2021-08-16,7,3,10,2.775626833550632,0.2775626833550632,0.0,0.4,0.1,0.1,0.1,0.3,0.0,0.1,0.5,0.2,0.4,1
2021-08-17,3,2,5,1.8941603526473045,0.3788320705294609,0.0,0.6,0.0,0.0,0.2,0.0,0.0,0.2,0.8,0.8,0.4,1
2021-08-18,3,4,7,3.823445774614811,0.5462065392306873,0.0,0.5714285714285714,0.0,0.42857142857142855,0.0,0.0,0.0,0.14285714285714285,0.7142857142857143,0.14285714285714285,0.2857142857142857,2
2021-08-19,7,6,13,5.805698521435261,0.4465921939565585,0.0,0.0,0.8461538461538461,0.0,0.07692307692307693,0.0,0.0,0.46153846153846156,0.5384615384615384,0.6153846153846154,0.5384615384615384,1
2021-08-20,16,12,28,11.960844808723778,0.4271730288829921,0.07142857142857142,0.10714285714285714,0.39285714285714285,0.03571428571428571,0.07142857142857142,0.2857142857142857,0.0,0.10714285714285714,0.6785714285714286,0.5714285714285714,0.6071428571428571,1
2021-08-21,9,1,10,0.9829975068569183,0.09829975068569183,0.1,0.1,0.6,0.0,0.0,0.2,0.0,0.0,0.5,0.2,0.2,1
2021-08-22,2,1,3,0.8026450760662556,0.2675483586887519,0.0,0.6666666666666666,0.3333333333333333,0.0,0.0,0.0,0.0,0.3333333333333333,0.6666666666666666,0.6666666666666666,0.3333333333333333,1
2021-08-23,3,2,5,2.037427027709782,0.40748540554195645,0.2,0.2,0.2,0.0,0.0,0.0,0.0,0.0,0.8,0.6,0.8,2
2021-08-24,3,2,5,1.5895211538299918,0.3179042307659984,0.2,0.2,0.2,0.2,0.2,0.0,0.0,0.2,0.4,0.4,0.4,3
2021-08-25,2,2,4,1.8856903910636902,0.47142259776592255,0.5,0.25,0.25,0.0,0.0,0.0,0.0,0.0,0.5,0.25,0.75,4
2021-08-26,5,2,7,2.5352816842496395,0.3621830977499485,0.0,0.2857142857142857,0.2857142857142857,0.14285714285714285,0.14285714285714285,0.0,0.0,0.14285714285714285,0.42857142857142855,0.7142857142857143,0.5714285714285714,5
2021-08-27,2,3,5,2.9664906729012728,0.5932981345802546,0.0,0.2,0.2,0.2,0.0,0.2,0.2,0.2,0.8,0.4,0.4,1
2021-08-28,2,4,6,3.5464102630503476,0.5910683771750579,0.0,0.0,0.6666666666666666,0.0,0.3333333333333333,0.0,0.0,0.6666666666666666,0.8333333333333334,0.8333333333333334,0.8333333333333334,2
2021-08-29,1,1,2,0.9480933747254312,0.4740466873627156,0.0,1.0,0.0,0.0,0.0,0.0,0.0,0.0,0.5,0.0,0.0,1
2021-08-30,0,1,1,0.9052342772483826,0.9052342772483826,0.0,0.0,1.0,0.0,0.0,0.0,0.0,1.0,1.0,1.0,0.0,2
2021-08-31,1,2,3,1.9061331450939178,0.6353777150313059,0.3333333333333333,0.6666666666666666,0.0,0.0,0.0,0.0,0.0,0.0,0.3333333333333333,0.6666666666666666,0.3333333333333333,3
2021-09-01,3,3,6,2.6843096476513892,0.44738494127523154,0.6666666666666666,0.0,0.0,0.16666666666666666,0.0,0.16666666666666666,0.0,0.0,0.6666666666666666,0.3333333333333333,0.5,4
2021-09-02,4,1,5,1.1409832807257771,0.22819665614515544,0.6,0.2,0.2,0.0,0.0,0.0,0.0,0.2,0.8,0.4,0.4,1
2021-09-03,2,2,4,1.283309943974018,0.3208274859935045,0.0,0.0,0.5,0.0,0.5,0.0,0.0,0.25,0.5,0.0,0.75,2
2021-09-04,3,1,4,1.2953123857732862,0.32382809644332156,0.25,0.25,0.25,0.0,0.25,0.0,0.0,0.0,0.75,0.5,1.0,3
2021-09-05,1,0,1,0.31238386034965515,0.31238386034965515,1.0,0.0,0.0,0.0,0.0,0.0,0.0,0.0,1.0,0.0,0.0,4
2021-09-06,1,0,1,0.08056905120611191,0.08056905120611191,0.0,0.0,0.0,1.0,0.0,0.0,0.0,0.0,1.0,1.0,1.0,5
2021-09-07,1,0,1,0.2372002899646759,0.2372002899646759,0.0,0.0,0.0,0.0,0.0,0.0,0.0,0.0,1.0,0.0,1.0,6
2021-09-08,1,0,1,0.4931914508342743,0.4931914508342743,0.0,0.0,1.0,0.0,0.0,0.0,0.0,0.0,0.0,0.0,0.0,7
2021-09-09,2,0,2,0.054348303470760584,0.027174151735380292,0.0,1.0,0.0,0.0,0.0,0.0,0.0,0.0,1.0,0.0,0.0,8
2021-09-10,3,1,4,1.4138945937156677,0.35347364842891693,0.25,0.0,0.5,0.0,0.0,0.0,0.0,0.0,0.75,0.25,0.75,9
2021-09-11,1,1,2,1.0150695592164993,0.5075347796082497,0.0,0.0,0.0,0.5,0.5,0.0,0.0,0.5,1.0,1.0,0.5,10
2021-09-12,0,1,1,0.9367280006408691,0.9367280006408691,0.0,0.0,0.0,0.0,1.0,0.0,0.0,0.0,0.0,1.0,0.0,11
2021-09-13,1,2,3,1.895692614838481,0.6318975382794937,0.3333333333333333,0.3333333333333333,0.0,0.3333333333333333,0.0,0.0,0.0,0.3333333333333333,0.0,0.6666666666666666,0.0,12
2021-09-14,2,2,4,1.7561332434415817,0.43903331086039543,0.25,0.0,0.25,0.5,0.0,0.0,0.0,0.25,1.0,0.0,0.25,13
2021-09-15,0,0,0,0.0,0.5,0.0,0.0,0.0,0.0,0.0,0.0,0.0,0.0,0.0,0.0,0.0,14
2021-09-16,0,2,2,1.8796786665916443,0.9398393332958221,0.5,0.5,0.0,0.0,0.0,0.0,0.0,0.0,0.5,0.0,0.5,1
2021-09-17,1,0,1,0.005687284749001265,0.005687284749001265,1.0,0.0,0.0,0.0,0.0,0.0,0.0,0.0,1.0,0.0,1.0,2
2021-09-18,1,2,3,1.7916652467101812,0.5972217489033937,0.6666666666666666,0.3333333333333333,0.0,0.0,0.0,0.0,0.0,0.0,1.0,0.0,0.6666666666666666,3
2021-09-19,2,1,3,1.3794701807200909,0.4598233935733636,0.3333333333333333,0.3333333333333333,0.0,0.3333333333333333,0.0,0.0,0.0,0.0,1.0,0.3333333333333333,0.6666666666666666,4
2021-09-20,0,1,1,0.5342925786972046,0.5342925786972046,0.0,1.0,0.0,0.0,0.0,0.0,0.0,1.0,0.0,1.0,1.0,5
2021-09-21,0,0,0,0.0,0.5,0.0,0.0,0.0,0.0,0.0,0.0,0.0,0.0,0.0,0.0,0.0,6
2021-09-22,0,0,0,0.0,0.5,0.0,0.0,0.0,0.0,0.0,0.0,0.0,0.0,0.0,0.0,0.0,1
2021-09-23,2,0,2,0.06080525740981102,0.03040262870490551,0.5,0.5,0.0,0.0,0.0,0.0,0.0,0.0,0.5,0.5,0.5,1
2021-09-24,2,0,2,0.2023792862892151,0.10118964314460754,1.0,0.0,0.0,0.0,0.0,0.0,0.0,0.0,1.0,0.5,0.0,2
2021-09-25,0,0,0,0.0,0.5,0.0,0.0,0.0,0.0,0.0,0.0,0.0,0.0,0.0,0.0,0.0,3
2021-09-26,0,2,2,1.5780500173568726,0.7890250086784363,0.5,0.0,0.0,0.5,0.0,0.0,0.0,0.5,0.0,0.5,0.5,1
2021-09-27,1,17,18,13.683508502319455,0.7601949167955253,0.0,0.0,0.0,0.9444444444444444,0.0,0.0,0.0,0.9444444444444444,0.6666666666666666,0.8888888888888888,0.4444444444444444,2
2021-09-28,2,1,3,0.9118206901475787,0.3039402300491929,0.3333333333333333,0.0,0.3333333333333333,0.3333333333333333,0.0,0.0,0.0,0.0,0.3333333333333333,0.6666666666666666,0.3333333333333333,1
2021-09-29,5,3,8,2.8811236759647727,0.3601404594955966,0.5,0.375,0.0,0.0,0.0,0.0,0.0,0.0,0.625,0.5,0.625,2
2021-09-30,2,3,5,2.9559323862195015,0.5911864772439003,0.0,0.6,0.0,0.4,0.0,0.0,0.0,0.2,0.4,0.2,0.6,1
2021-10-01,3,4,7,3.570061156526208,0.5100087366466012,0.42857142857142855,0.2857142857142857,0.0,0.2857142857142857,0.0,0.0,0.0,0.14285714285714285,0.7142857142857143,0.42857142857142855,0.8571428571428571,2
2021-10-02,4,0,4,0.5252170921303332,0.1313042730325833,0.0,0.5,0.0,0.25,0.0,0.0,0.0,0.5,0.25,0.0,1.0,1
2021-10-03,2,0,2,0.1376126930117607,0.06880634650588036,0.0,1.0,0.0,0.0,0.0,0.0,0.0,0.0,1.0,0.0,0.5,2
2021-10-04,0,3,3,1.990662157535553,0.663554052511851,0.0,0.3333333333333333,0.0,0.3333333333333333,0.0,0.3333333333333333,0.0,0.3333333333333333,0.6666666666666666,0.3333333333333333,0.3333333333333333,3
2021-10-05,0,1,1,0.8755567669868469,0.8755567669868469,0.0,0.0,1.0,0.0,0.0,0.0,0.0,0.0,1.0,0.0,0.0,4
2021-10-06,1,1,2,0.5666549848392606,0.2833274924196303,0.0,0.5,0.0,0.5,0.0,0.0,0.0,0.0,1.0,0.0,0.5,5
2021-10-07,2,2,4,1.9154037861153483,0.4788509465288371,0.5,0.25,0.0,0.25,0.0,0.0,0.0,0.0,1.0,0.0,1.0,6
2021-10-08,1,0,1,0.005957763642072678,0.005957763642072678,1.0,0.0,0.0,0.0,0.0,0.0,0.0,0.0,1.0,0.0,0.0,7
2021-10-09,1,2,3,1.7916568908840418,0.597218963628014,0.0,0.0,0.0,0.6666666666666666,0.3333333333333333,0.0,0.0,0.6666666666666666,0.6666666666666666,0.0,0.6666666666666666,8
2021-10-10,0,1,1,0.9483197331428528,0.9483197331428528,0.0,1.0,0.0,0.0,0.0,0.0,0.0,0.0,0.0,1.0,1.0,9
2021-10-11,0,2,2,1.568929374217987,0.7844646871089935,0.0,0.5,0.0,0.5,0.0,0.0,0.0,0.5,0.5,0.0,0.0,10
2021-10-12,1,1,2,0.9950603526085615,0.49753017630428076,0.0,0.5,0.5,0.0,0.0,0.0,0.0,0.0,1.0,0.0,1.0,11
2021-10-13,1,0,1,0.04541672766208649,0.04541672766208649,1.0,0.0,0.0,0.0,0.0,0.0,0.0,0.0,0.0,0.0,1.0,12
2021-10-14,1,0,1,0.34671515226364136,0.34671515226364136,0.0,1.0,0.0,0.0,0.0,0.0,0.0,1.0,0.0,0.0,1.0,13
2021-10-15,1,0,1,0.3972046673297882,0.3972046673297882,0.0,0.0,0.0,1.0,0.0,0.0,0.0,0.0,1.0,0.0,1.0,14
2021-10-16,1,0,1,0.02273580990731716,0.02273580990731716,0.0,1.0,0.0,0.0,0.0,0.0,0.0,0.0,1.0,0.0,1.0,15
2021-10-17,4,0,4,0.4031244311481714,0.10078110778704286,0.0,0.5,0.25,0.0,0.0,0.0,0.0,0.0,0.75,0.0,0.5,16
2021-10-18,10,14,24,12.231908619403839,0.5096628591418266,0.125,0.16666666666666666,0.125,0.041666666666666664,0.5,0.041666666666666664,0.0,0.5416666666666666,0.5833333333333334,0.4583333333333333,0.6666666666666666,17
2021-10-19,40,22,62,22.706443355884403,0.36623295735297423,0.06451612903225806,0.5483870967741935,0.11290322580645161,0.04838709677419355,0.14516129032258066,0.03225806451612903,0.0,0.46774193548387094,0.46774193548387094,0.4032258064516129,0.7419354838709677,1
2021-10-20,27,49,76,39.62597154080868,0.5213943623790616,0.02631578947368421,0.6973684210526315,0.013157894736842105,0.06578947368421052,0.15789473684210525,0.039473684210526314,0.0,0.5921052631578947,0.4605263157894737,0.6447368421052632,0.6842105263157895,1
2021-10-21,23,22,45,18.086304753553122,0.4019178834122916,0.0,0.5777777777777777,0.0,0.044444444444444446,0.28888888888888886,0.044444444444444446,0.0,0.37777777777777777,0.4444444444444444,0.6,0.7555555555555555,1
2021-10-22,2,2,4,1.5439931340515614,0.38599828351289034,0.0,0.75,0.0,0.25,0.0,0.0,0.0,0.25,0.5,0.5,0.75,1
2021-10-23,14,2,16,1.9078288273885846,0.11923930171178654,0.125,0.375,0.3125,0.125,0.0,0.0625,0.0,0.375,0.4375,0.25,0.75,2
2021-10-24,8,13,21,11.015782312490046,0.524561062499526,0.047619047619047616,0.42857142857142855,0.19047619047619047,0.047619047619047616,0.09523809523809523,0.19047619047619047,0.0,0.3333333333333333,0.42857142857142855,0.47619047619047616,0.5238095238095238,1
2021-10-25,11,8,19,9.106892500072718,0.47931013158277463,0.05263157894736842,0.5263157894736842,0.05263157894736842,0.0,0.21052631578947367,0.10526315789473684,0.05263157894736842,0.42105263157894735,0.47368421052631576,0.631578947368421,0.8947368421052632,1
2021-10-26,11,8,19,8.52436899766326,0.4486509998770137,0.0,0.5789473684210527,0.10526315789473684,0.05263157894736842,0.2631578947368421,0.0,0.0,0.42105263157894735,0.631578947368421,0.7368421052631579,0.6842105263157895,1
2021-10-27,6,15,21,13.175685226917267,0.6274135822341556,0.047619047619047616,0.8571428571428571,0.047619047619047616,0.0,0.047619047619047616,0.0,0.0,0.7142857142857143,0.47619047619047616,0.8095238095238095,0.6666666666666666,1
2021-10-28,1,10,11,8.294778488576412,0.7540707716887648,0.0,0.9090909090909091,0.0,0.0,0.09090909090909091,0.0,0.0,0.5454545454545454,0.36363636363636365,0.7272727272727273,0.5454545454545454,1
2021-10-29,2,8,10,6.722068812698126,0.6722068812698125,0.0,0.6,0.1,0.3,0.0,0.0,0.0,0.2,0.6,0.5,0.7,1
2021-10-30,2,5,7,3.7888047136366367,0.5412578162338052,0.2857142857142857,0.0,0.0,0.0,0.5714285714285714,0.14285714285714285,0.0,0.7142857142857143,0.5714285714285714,0.7142857142857143,0.5714285714285714,1
2021-10-31,2,1,3,1.150348206050694,0.383449402016898,0.0,0.3333333333333333,0.3333333333333333,0.0,0.3333333333333333,0.0,0.0,0.0,0.3333333333333333,0.6666666666666666,0.6666666666666666,1
2021-11-01,2,0,2,0.09669288247823715,0.048346441239118576,0.0,1.0,0.0,0.0,0.0,0.0,0.0,0.0,0.5,0.5,1.0,2
2021-11-02,2,10,12,7.940248668193817,0.6616873890161514,0.0,0.75,0.0,0.0,0.0,0.08333333333333333,0.08333333333333333,0.4166666666666667,0.3333333333333333,0.3333333333333333,0.6666666666666666,3
2021-11-03,0,6,6,5.301671922206879,0.8836119870344797,0.0,0.16666666666666666,0.0,0.6666666666666666,0.0,0.16666666666666666,0.0,0.6666666666666666,0.8333333333333334,1.0,0.8333333333333334,1
2021-11-04,3,22,25,14.627997037023306,0.5851198814809322,0.04,0.0,0.0,0.04,0.84,0.0,0.04,0.72,0.36,0.8,0.6,1
2021-11-05,4,2,6,2.572050206363201,0.42867503439386684,0.16666666666666666,0.3333333333333333,0.0,0.0,0.3333333333333333,0.16666666666666666,0.0,0.3333333333333333,0.16666666666666666,0.6666666666666666,0.6666666666666666,1
2021-11-06,2,2,4,2.1074347272515297,0.5268586818128824,0.0,0.25,0.0,0.0,0.5,0.25,0.0,0.25,0.0,0.75,0.75,1
2021-11-07,0,1,1,0.7584903836250305,0.7584903836250305,1.0,0.0,0.0,0.0,0.0,0.0,0.0,0.0,0.0,1.0,0.0,2
2021-11-08,4,2,6,1.7990052974782884,0.2998342162463814,0.0,0.16666666666666666,0.3333333333333333,0.16666666666666666,0.16666666666666666,0.16666666666666666,0.0,0.16666666666666666,0.6666666666666666,0.16666666666666666,0.5,3
2021-11-09,2,5,7,4.23016841430217,0.6043097734717386,0.14285714285714285,0.2857142857142857,0.0,0.5714285714285714,0.0,0.0,0.0,0.42857142857142855,0.7142857142857143,0.5714285714285714,0.5714285714285714,1
2021-11-10,0,3,3,2.3263702988624573,0.7754567662874857,0.3333333333333333,0.3333333333333333,0.0,0.3333333333333333,0.0,0.0,0.0,0.6666666666666666,0.6666666666666666,1.0,1.0,1
2021-11-11,2,3,5,2.7922174260020256,0.5584434852004051,0.0,0.2,0.0,0.6,0.2,0.0,0.0,0.8,0.2,0.6,0.8,2
2021-11-12,6,0,6,0.6803964292630553,0.11339940487717588,0.16666666666666666,0.5,0.0,0.0,0.3333333333333333,0.0,0.0,0.3333333333333333,0.16666666666666666,0.0,0.8333333333333334,3
2021-11-13,1,2,3,2.187837094068527,0.7292790313561758,0.0,0.3333333333333333,0.0,0.3333333333333333,0.3333333333333333,0.0,0.0,0.3333333333333333,0.0,0.6666666666666666,0.3333333333333333,1
2021-11-14,1,1,2,1.404204547405243,0.7021022737026215,0.0,0.5,0.0,0.5,0.0,0.0,0.0,0.0,1.0,0.5,1.0,2
2021-11-15,1,1,2,1.153993546962738,0.576996773481369,0.5,0.0,0.0,0.5,0.0,0.0,0.0,0.5,0.5,0.0,0.5,3
2021-11-16,2,5,7,4.548421820625663,0.6497745458036661,0.2857142857142857,0.2857142857142857,0.2857142857142857,0.0,0.0,0.0,0.14285714285714285,0.2857142857142857,0.14285714285714285,0.2857142857142857,0.14285714285714285,4
2021-11-17,0,0,0,0.0,0.5,0.0,0.0,0.0,0.0,0.0,0.0,0.0,0.0,0.0,0.0,0.0,1
2021-11-18,1,1,2,0.9032861664891243,0.45164308324456215,0.0,1.0,0.0,0.0,0.0,0.0,0.0,0.5,0.0,0.5,1.0,1
2021-11-19,2,2,4,1.6155077731236815,0.4038769432809204,0.0,0.75,0.0,0.25,0.0,0.0,0.0,0.0,0.25,0.25,0.75,2
2021-11-20,1,1,2,0.991422213613987,0.4957111068069935,0.0,0.5,0.0,0.0,0.0,0.5,0.0,0.0,0.5,0.0,0.5,3
2021-11-21,2,1,3,1.083725530654192,0.3612418435513973,0.0,0.0,0.6666666666666666,0.0,0.0,0.0,0.3333333333333333,0.3333333333333333,0.0,0.3333333333333333,0.6666666666666666,4
2021-11-22,2,2,4,1.231831420212984,0.307957855053246,0.0,1.0,0.0,0.0,0.0,0.0,0.0,0.25,0.25,0.5,0.5,5
2021-11-23,1,6,7,5.401019167155027,0.7715741667364325,0.0,0.2857142857142857,0.2857142857142857,0.14285714285714285,0.14285714285714285,0.14285714285714285,0.0,0.5714285714285714,0.14285714285714285,0.14285714285714285,0.42857142857142855,6
2021-11-24,17,38,55,29.7697515017353,0.54126820912246,0.0,0.03636363636363636,0.6545454545454545,0.14545454545454545,0.09090909090909091,0.05454545454545454,0.0,0.43636363636363634,0.4727272727272727,0.8363636363636363,0.6,1
2021-11-25,4,10,14,8.990009188652039,0.6421435134751456,0.0,0.0,1.0,0.0,0.0,0.0,0.0,0.6428571428571429,0.42857142857142855,0.7857142857142857,0.42857142857142855,1
2021-11-26,0,2,2,1.5793228149414062,0.7896614074707031,0.0,0.5,0.0,0.0,0.0,0.0,0.0,0.0,1.0,0.0,0.0,1
2021-11-27,1,0,1,0.15561766922473907,0.15561766922473907,0.0,1.0,0.0,0.0,0.0,0.0,0.0,0.0,1.0,0.0,1.0,2
2021-11-28,1,1,2,1.0018393713980913,0.5009196856990457,0.0,0.5,0.0,0.0,0.5,0.0,0.0,0.0,0.5,0.0,1.0,3
2021-11-29,2,0,2,0.4269529730081558,0.2134764865040779,0.5,0.5,0.0,0.0,0.0,0.0,0.0,0.0,1.0,0.0,1.0,4
2021-11-30,1,1,2,0.9856275618076324,0.4928137809038162,0.5,0.0,0.0,0.0,0.5,0.0,0.0,0.0,0.0,0.5,1.0,5
2021-12-01,2,1,3,0.8558408534154296,0.28528028447180986,0.0,0.0,0.6666666666666666,0.0,0.0,0.3333333333333333,0.0,0.0,0.6666666666666666,0.3333333333333333,1.0,6
2021-12-02,0,0,0,0.0,0.5,0.0,0.0,0.0,0.0,0.0,0.0,0.0,0.0,0.0,0.0,0.0,7
2021-12-03,2,2,4,1.5400125533342361,0.38500313833355904,0.5,0.25,0.25,0.0,0.0,0.0,0.0,0.0,0.75,0.0,0.25,1
2021-12-04,0,2,2,1.5217419862747192,0.7608709931373596,0.0,1.0,0.0,0.0,0.0,0.0,0.0,0.5,0.0,0.5,1.0,2
2021-12-05,0,4,4,3.41110098361969,0.8527752459049225,0.25,0.25,0.25,0.0,0.25,0.0,0.0,0.5,0.0,0.25,0.75,3
2021-12-06,2,0,2,0.40594083443284035,0.20297041721642017,0.5,0.5,0.0,0.0,0.0,0.0,0.0,0.0,0.5,0.0,1.0,4
2021-12-07,2,1,3,0.9220764376223087,0.3073588125407696,0.0,0.3333333333333333,0.0,0.3333333333333333,0.3333333333333333,0.0,0.0,0.0,0.6666666666666666,1.0,0.6666666666666666,5
2021-12-08,1,2,3,2.051911234855652,0.6839704116185507,0.0,0.3333333333333333,0.6666666666666666,0.0,0.0,0.0,0.0,0.0,0.6666666666666666,0.3333333333333333,0.3333333333333333,6
2021-12-09,0,0,0,0.0,0.5,0.0,0.0,0.0,0.0,0.0,0.0,0.0,0.0,0.0,0.0,0.0,7
2021-12-10,1,1,2,0.6848580623045564,0.3424290311522782,0.0,0.5,0.5,0.0,0.0,0.0,0.0,0.0,0.5,0.5,0.5,1
2021-12-11,2,0,2,0.4723985493183136,0.2361992746591568,0.0,0.5,0.5,0.0,0.0,0.0,0.0,0.0,1.0,0.5,1.0,2
2021-12-12,2,2,4,1.4331087619066238,0.35827719047665596,0.0,0.75,0.0,0.25,0.0,0.0,0.0,0.5,0.75,0.5,0.75,3
2021-12-13,4,1,5,1.4986908342689276,0.2997381668537855,0.2,0.4,0.2,0.2,0.0,0.0,0.0,0.2,1.0,0.6,0.8,4
2021-12-14,0,0,0,0.0,0.5,0.0,0.0,0.0,0.0,0.0,0.0,0.0,0.0,0.0,0.0,0.0,5
2021-12-15,3,5,8,3.8417899012565613,0.48022373765707016,0.0,0.375,0.125,0.0,0.375,0.125,0.0,0.375,0.5,0.5,0.5,1
2021-12-16,1,6,7,5.004465429112315,0.7149236327303308,0.2857142857142857,0.42857142857142855,0.14285714285714285,0.0,0.0,0.14285714285714285,0.0,0.14285714285714285,0.42857142857142855,0.7142857142857143,0.42857142857142855,1
2021-12-17,126,87,213,79.1392862861976,0.37154594500562255,0.009389671361502348,0.215962441314554,0.06572769953051644,0.023474178403755867,0.6291079812206573,0.046948356807511735,0.0,0.3755868544600939,0.5633802816901409,0.4788732394366197,0.5164319248826291,1
2021-12-18,11,4,15,5.0686264941468835,0.33790843294312556,0.06666666666666667,0.6,0.2,0.06666666666666667,0.0,0.06666666666666667,0.0,0.2,0.7333333333333333,0.7333333333333333,0.5333333333333333,1
2021-12-19,7,14,21,11.12283170223236,0.5296586524872553,0.047619047619047616,0.38095238095238093,0.3333333333333333,0.047619047619047616,0.19047619047619047,0.0,0.0,0.6666666666666666,0.3333333333333333,0.7619047619047619,0.42857142857142855,1
2021-12-20,707,202,909,222.11838601739146,0.24435466008513912,0.011001100110011002,0.44114411441144114,0.2563256325632563,0.0407040704070407,0.07920792079207921,0.058305830583058306,0.0044004400440044,0.12321232123212321,0.6237623762376238,0.5500550055005501,0.6061606160616062,1
2021-12-21,645,135,780,155.54799992148764,0.19942051271985595,0.016666666666666666,0.27564102564102566,0.44871794871794873,0.015384615384615385,0.09615384615384616,0.11025641025641025,0.0,0.21153846153846154,0.49230769230769234,0.35384615384615387,0.5974358974358974,1
2021-12-22,375,182,557,173.9754941468127,0.312343795595714,0.01615798922800718,0.46858168761220825,0.2333931777378815,0.005385996409335727,0.17235188509874327,0.07001795332136446,0.005385996409335727,0.3249551166965889,0.46858168761220825,0.3518850987432675,0.6211849192100538,1
2021-12-23,163,112,275,111.24932661745697,0.4045430058816617,0.02181818181818182,0.41818181818181815,0.16727272727272727,0.03272727272727273,0.1709090909090909,0.11636363636363636,0.0,0.14181818181818182,0.5418181818181819,0.36,0.509090909090909,1
2021-12-24,55,55,110,49.43725078180432,0.44942955256185746,0.0,0.42727272727272725,0.18181818181818182,0.03636363636363636,0.2,0.10909090909090909,0.00909090909090909,0.2818181818181818,0.4818181818181818,0.5545454545454546,0.5454545454545454,1
2021-12-25,43,23,66,24.930464316625148,0.37773430782765377,0.030303030303030304,0.30303030303030304,0.18181818181818182,0.045454545454545456,0.2727272727272727,0.15151515151515152,0.0,0.18181818181818182,0.48484848484848486,0.5151515151515151,0.6363636363636364,1
2021-12-26,43,17,60,20.70513120573014,0.34508552009550236,0.016666666666666666,0.31666666666666665,0.18333333333333332,0.016666666666666666,0.36666666666666664,0.1,0.0,0.21666666666666667,0.5833333333333334,0.5,0.6166666666666667,1
2021-12-27,33,106,139,86.85168168973178,0.624832242372171,0.07194244604316546,0.6834532374100719,0.07913669064748201,0.007194244604316547,0.1079136690647482,0.050359712230215826,0.0,0.5611510791366906,0.381294964028777,0.45323741007194246,0.5611510791366906,1
2021-12-28,38,21,59,18.44598311604932,0.3126437816279546,0.01694915254237288,0.3220338983050847,0.06779661016949153,0.01694915254237288,0.423728813559322,0.0847457627118644,0.01694915254237288,0.1016949152542373,0.4915254237288136,0.3898305084745763,0.6779661016949152,1
2021-12-29,21,11,32,11.675954035948962,0.36487356362340506,0.09375,0.34375,0.21875,0.0625,0.125,0.15625,0.0,0.15625,0.53125,0.40625,0.625,1
2021-12-30,19,9,28,7.992150108329952,0.2854339324403554,0.14285714285714285,0.14285714285714285,0.14285714285714285,0.03571428571428571,0.32142857142857145,0.07142857142857142,0.0,0.10714285714285714,0.5,0.32142857142857145,0.35714285714285715,1
2021-12-31,16,2,18,2.9554615621455014,0.1641923090080834,0.0,0.3888888888888889,0.2222222222222222,0.05555555555555555,0.0,0.2777777777777778,0.0,0.2222222222222222,0.6111111111111112,0.6111111111111112,0.5555555555555556,1
